<?xml version="1.0" encoding="UTF-8"?>
<beans xmlns="http://www.springframework.org/schema/beans"
	xmlns:xsi="http://www.w3.org/2001/XMLSchema-instance" xmlns:p="http://www.springframework.org/schema/p"
	xmlns:tx="http://www.springframework.org/schema/tx" xmlns:aop="http://www.springframework.org/schema/aop"
	xsi:schemaLocation="http://www.springframework.org/schema/beans
	http://www.springframework.org/schema/beans/spring-beans-3.1.xsd
	http://www.springframework.org/schema/tx
	http://www.springframework.org/schema/tx/spring-tx-3.1.xsd
	http://www.springframework.org/schema/aop
	http://www.springframework.org/schema/aop/spring-aop-3.1.xsd">
	<bean id="dataSource" class="org.apache.commons.dbcp.BasicDataSource"
		destroy-method="close">
		<property name="driverClassName">
			<value>com.mysql.jdbc.Driver</value>
		</property>
		<property name="url">
			<value>jdbc:mysql://127.0.0.1:3306/mres?rewriteBatchedStatements=true&amp;cachePrepStmts=true&amp;useServerPrepStmts=true&amp;useUnicode=true&amp;characterEncoding=UTF-8&amp;autoReconnect=true&amp;failOverReadOnly=false</value>
		</property>
		<property name="username">
			<value>root</value>
		</property>
		<property name="password">
			<value></value>
		</property>
	</bean>
	<bean id="transactionManager"
		class="org.springframework.jdbc.datasource.DataSourceTransactionManager">
		<property name="dataSource">
			<ref local="dataSource" />
		</property>
	</bean>
	

	<bean id="userDAOProxy"
		class="org.springframework.transaction.interceptor.TransactionProxyFactoryBean">
		<property name="transactionManager">
			<ref bean="transactionManager" />
		</property>
		<property name="target">
			<ref local="userDAO" />
		</property>
		<property name="transactionAttributes">
			<props>
				<prop key="insert*">PROPAGATION_REQUIRED</prop>
				<prop key="*">PROPAGATION_REQUIRED,readOnly</prop>
			</props>
		</property>
	</bean>
	<bean id="userDAO" class="com.xx.dao.UserDAO">
		<property name="dataSource">
			<ref local="dataSource" />
		</property>
	</bean>
</beans>