/*
SQLyog v10.2 
MySQL - 5.6.24 : Database - mres
*********************************************************************
*/

/*!40101 SET NAMES utf8 */;

/*!40101 SET SQL_MODE=''*/;

/*!40014 SET @OLD_UNIQUE_CHECKS=@@UNIQUE_CHECKS, UNIQUE_CHECKS=0 */;
/*!40014 SET @OLD_FOREIGN_KEY_CHECKS=@@FOREIGN_KEY_CHECKS, FOREIGN_KEY_CHECKS=0 */;
/*!40101 SET @OLD_SQL_MODE=@@SQL_MODE, SQL_MODE='NO_AUTO_VALUE_ON_ZERO' */;
/*!40111 SET @OLD_SQL_NOTES=@@SQL_NOTES, SQL_NOTES=0 */;
CREATE DATABASE /*!32312 IF NOT EXISTS*/`mres` /*!40100 DEFAULT CHARACTER SET utf8 */;

USE `mres`;

/*Table structure for table `char_spec` */

DROP TABLE IF EXISTS `char_spec`;

CREATE TABLE `char_spec` (
  `CHAR_SPEC_ID` bigint(20) NOT NULL,
  `NAME` varchar(256) DEFAULT NULL,
  `CODE` varchar(256) DEFAULT NULL,
  `TYPE` varchar(256) DEFAULT NULL,
  `LENGTH` bigint(20) DEFAULT NULL,
  `CREATE_DATE` datetime DEFAULT NULL,
  `IS_MULTI_VALUE` varchar(20) DEFAULT NULL COMMENT '是否支持选中多个取值，在type=enum时生效',
  `standard_code` varchar(256) DEFAULT NULL COMMENT '标准编码',
  PRIMARY KEY (`CHAR_SPEC_ID`)
) ENGINE=InnoDB DEFAULT CHARSET=utf8 COMMENT='特征定义';

/*Data for the table `char_spec` */

insert  into `char_spec`(`CHAR_SPEC_ID`,`NAME`,`CODE`,`TYPE`,`LENGTH`,`CREATE_DATE`,`IS_MULTI_VALUE`,`standard_code`) values (1,'手机号','cellphone','number',11,NULL,NULL,'cellphone'),(2,'性别','sex','enum',NULL,NULL,'no','sex'),(3,'EMAIL','email','string',128,NULL,NULL,'email'),(4,'地址','address','string',256,NULL,NULL,'address'),(5,'坐标','coords','string',128,NULL,NULL,'coords'),(6,'网址','url','string',256,NULL,NULL,'url'),(7,'固话','fixphone','number',11,NULL,NULL,'fixphone'),(8,'公司规模','size','enum',NULL,NULL,'no','companySize'),(9,'公司行业','industry','enum',NULL,NULL,'no','industry'),(10,'用户名','userName','string',256,NULL,NULL,'userName'),(11,'招聘人数','numberOfRecruit','number',3,NULL,NULL,'numberOfRecruit'),(12,'工作区域','workArea','enum',NULL,NULL,'no','workArea'),(13,'期望工作区域','expectWorkArea','enum',NULL,NULL,'yes','workArea'),(14,'日薪','daySallary','number',11,NULL,NULL,'daySallary'),(15,'工资当天结算','dayCharge','enum',NULL,NULL,'no','dayCharge'),(16,'提供食宿','foodAndLodging','enum',NULL,NULL,'no','foodAndLodging'),(17,'学历要求','expectDegree','enum',NULL,NULL,'no','degree'),(18,'工作经验要求','expectExperience','enum',NULL,NULL,'no','experience'),(19,'年龄要求','expectAge','enum',NULL,NULL,'no','age'),(20,'工作内容','workContent','string',2048,NULL,NULL,'workContent'),(21,'年龄','age','number',2,NULL,NULL,'age'),(22,'真实姓名','realName','string',256,NULL,NULL,'realName'),(23,'期望行业','expectIndustry','enum',NULL,NULL,'yes','industry'),(24,'期望职位','expectPost','enum',NULL,NULL,'yes','post'),(25,'提供职位','post','enum',NULL,NULL,'no','post'),(26,'学历','degree','enum',NULL,NULL,'no','degree'),(27,'工作经验','experience','enum',NULL,NULL,'no','experience'),(28,'自我评价','selfReview','string',2048,NULL,NULL,'selfreview'),(29,'招聘结束时间','workEndDate','date',NULL,NULL,NULL,'workEndDate'),(30,'招聘标题','workTitle','string',256,NULL,NULL,'workTitle'),(31,'求职标题','reqWorkTitle','string',256,NULL,NULL,'reqWorkTitle'),(32,'工作经历','workHis','string',2048,NULL,NULL,'workHis'),(33,'教育经历','eduHis','string',2048,NULL,NULL,'eduHis'),(34,'简历类型','resumeType','enum',NULL,NULL,'no','resumeType'),(35,'求职简历ID','resumeId','number',11,NULL,NULL,'resumeId'),(36,'工作类型','workType','enum',NULL,NULL,'no','workType'),(37,'城市','workCity','enum',NULL,NULL,'no','workCity'),(38,'面试时间','interviewTime','date',NULL,NULL,NULL,'interviewTime'),(39,'面试地点','interviewAddress','string',NULL,NULL,NULL,'interviewAddress'),(40,'面试备注','interviewRemark','string',NULL,NULL,NULL,'interviewRemark'),(41,'计划开始工作时间','workTimeBegin','string',NULL,NULL,NULL,'workTimeBegin'),(42,'计划结束工作时间','workTimeEnd','string',NULL,NULL,NULL,'workTimeEnd'),(43,'计划工作地点','workAddress','string',NULL,NULL,NULL,'workAddress'),(44,'计划工作备注','workRemark','string',NULL,NULL,NULL,'workRemark'),(45,'工作经历','workHisList','string',2048,NULL,NULL,'workHisList'),(46,'教育经历','eduHisList','string',2048,NULL,NULL,'eduHisList'),(47,'签到时间','checkInTime','string',128,NULL,NULL,'checkInTime'),(48,'签退时间','checkOutTime','string',128,NULL,NULL,'checkOutTime'),(49,'签到位置','checkInPosition','string',128,NULL,NULL,'checkInPosition'),(50,'签退位置','checkOutPosition','string',128,NULL,NULL,'checkOutPosition');

/*Table structure for table `char_spec_value` */

DROP TABLE IF EXISTS `char_spec_value`;

CREATE TABLE `char_spec_value` (
  `CHAR_VALUE_ID` bigint(20) NOT NULL,
  `CHAR_SPEC_ID` bigint(20) NOT NULL,
  `DISPLAY_VALUE` varchar(256) NOT NULL,
  `REAL_VALUE` varchar(256) NOT NULL,
  `CREATE_DATE` datetime DEFAULT NULL,
  `SELECTED` varchar(20) DEFAULT NULL COMMENT 'yes=默认选中',
  PRIMARY KEY (`CHAR_VALUE_ID`)
) ENGINE=InnoDB DEFAULT CHARSET=utf8 COMMENT='特征取值定义';

/*Data for the table `char_spec_value` */

insert  into `char_spec_value`(`CHAR_VALUE_ID`,`CHAR_SPEC_ID`,`DISPLAY_VALUE`,`REAL_VALUE`,`CREATE_DATE`,`SELECTED`) values (2,2,'男','male',NULL,'yes'),(3,8,'1到50','150',NULL,'yes'),(4,9,'酒店','hotel',NULL,'yes'),(5,12,'鼓楼','njgulou',NULL,'yes'),(6,13,'江宁','njjiangning',NULL,NULL),(7,15,'否','no',NULL,NULL),(8,16,'是','yes',NULL,'yes'),(9,17,'高中','gaozhong',NULL,''),(10,18,'1到3年','1to3year',NULL,NULL),(11,19,'不限','nolimit',NULL,'yes'),(12,23,'酒店','hotel',NULL,'yes'),(13,24,'临时工','tempworker',NULL,'yes'),(14,25,'服务员','waiter',NULL,NULL),(15,26,'大学','daxue',NULL,NULL),(16,27,'1年','1year',NULL,'yes'),(17,2,'女','female',NULL,NULL),(18,8,'51到100','51100',NULL,NULL),(19,9,'会展','exhibition',NULL,NULL),(20,12,'江宁','njjiangning',NULL,NULL),(21,13,'鼓楼','njgulou',NULL,'yes'),(22,15,'是','yes',NULL,'yes'),(23,16,'否','no',NULL,NULL),(24,17,'不限','nolimit',NULL,'yes'),(25,18,'不限','nolimit',NULL,'yes'),(26,19,'18到30','18to30',NULL,NULL),(27,23,'会展','exhibition',NULL,NULL),(28,24,'服务员','waiter',NULL,NULL),(29,25,'临时工','tempworker',NULL,'yes'),(30,26,'高中','gaozhong',NULL,'yes'),(31,27,'1到3年','1to3year',NULL,NULL),(32,34,'兼职简历','partTime',NULL,'yes'),(33,34,'全职简历','fullTime',NULL,NULL),(34,36,'兼职招聘','partTime',NULL,NULL),(35,36,'全职招聘','fullTime',NULL,NULL),(36,36,'兼职求职','reqPartTime',NULL,NULL),(37,36,'全职求职','reqFullTime',NULL,NULL),(38,37,'南京市','jsnanjing',NULL,NULL),(39,37,'无锡市','jswuxi',NULL,NULL);

/*Table structure for table `order_item` */

DROP TABLE IF EXISTS `order_item`;

CREATE TABLE `order_item` (
  `ITEM_ID` bigint(20) NOT NULL,
  `ORDER_ID` varchar(256) DEFAULT NULL,
  `ITEM_TYPE` varchar(20) DEFAULT NULL COMMENT 'cancel取消\n            payment付款成功\n            complete完成\n            booking预约\n            signin签到\n            siginout签退\n            pointsend积分发放\n            rebate余额返还，返利\n            charge扣除佣金\n            refund退款',
  `CREATE_DATE` datetime DEFAULT NULL,
  `ITEM_CONTENT` varchar(1024) DEFAULT NULL,
  PRIMARY KEY (`ITEM_ID`)
) ENGINE=InnoDB DEFAULT CHARSET=utf8 COMMENT='订单项';

/*Data for the table `order_item` */

/*Table structure for table `order_pay_his` */

DROP TABLE IF EXISTS `order_pay_his`;

CREATE TABLE `order_pay_his` (
  `PAYHIS_ID` bigint(20) NOT NULL,
  `ITEM_ID` bigint(20) DEFAULT NULL,
  `PAY_TYPE` varchar(20) DEFAULT NULL COMMENT 'balance余额支付\n            alipay支付宝转帐\n            point积分支付\n            coupon优惠券',
  `PAY_VALUE` float DEFAULT NULL,
  `CREATE_DATE` datetime DEFAULT NULL,
  PRIMARY KEY (`PAYHIS_ID`)
) ENGINE=InnoDB DEFAULT CHARSET=utf8 COMMENT='订单付款记录';

/*Data for the table `order_pay_his` */

/*Table structure for table `order_prod` */

DROP TABLE IF EXISTS `order_prod`;

CREATE TABLE `order_prod` (
  `ORDER_PROD_ID` bigint(20) NOT NULL,
  `ORDER_ID` varchar(256) DEFAULT NULL,
  `PROD_ID` bigint(20) DEFAULT NULL,
  `CREATE_DATE` datetime DEFAULT NULL,
  PRIMARY KEY (`ORDER_PROD_ID`)
) ENGINE=InnoDB DEFAULT CHARSET=utf8 COMMENT='订单内产品';

/*Data for the table `order_prod` */

/*Table structure for table `prod` */

DROP TABLE IF EXISTS `prod`;

CREATE TABLE `prod` (
  `PROD_ID` bigint(20) NOT NULL,
  `USER_ID` bigint(20) DEFAULT NULL,
  `PROD_TYPE` varchar(20) DEFAULT NULL,
  `EFF_DATE` date DEFAULT NULL,
  `EXP_DATE` date DEFAULT NULL,
  `CREATE_DATE` datetime DEFAULT NULL,
  `PROD_NAME` varchar(256) DEFAULT NULL,
  `CONTENT` text,
  `CITY_ID` varchar(20) DEFAULT NULL COMMENT '所在城市',
  PRIMARY KEY (`PROD_ID`)
) ENGINE=InnoDB DEFAULT CHARSET=utf8 COMMENT='用户产品';

/*Data for the table `prod` */

insert  into `prod`(`PROD_ID`,`USER_ID`,`PROD_TYPE`,`EFF_DATE`,`EXP_DATE`,`CREATE_DATE`,`PROD_NAME`,`CONTENT`,`CITY_ID`) values (33,3131,'null',NULL,'2015-09-30','2015-09-12 22:56:40','Application Cache Progress event (17 of 71) http://localhost:8080/PinBa/message/servNoticeMsg.html',NULL,'jsnanjing'),(34,3131,'partTime','2015-09-14','2015-09-30','2015-09-13 15:58:28','5k-8k南京市场销售','有意向直接打电话或投递简历\n联系李女士13951713646\n公平完善的晋升制度、积极愉快的工作氛围。\n\n薪资待遇：\n1、无责底薪2500-10000上不封顶 高提成 奖金 五险一金 年假 旅游 晋升空间\n\n2、一般月薪会根据个人能力而定，上不封顶。 朝八点半晚六,双休\n\n3、专业培训专员集中完善的带薪岗前培训：专业知识、客服技能、沟通技巧、商务礼仪、心理素质、职业素养、财经知识；\n\n4.高档写字楼，办公环境一流舒适，优秀者能快速晋升，月薪上万\n补助：年假，每年免费旅游，每月聚餐，生日聚会，年终物质奖，节假日福利（中秋节月饼，端午节粽子等等）\n\n晋升方向：\n1、理财经理—高级理财经理—团队经理—部门经理—城市经理—大区总监。\n2、公司内部选拔人才，晋升道路畅通，人才与公司共同成长。\n','jsnanjing'),(35,3131,'reqPartTime','2015-09-14','2015-09-30','2015-09-13 15:59:45','发布求职信息测试','这是一个测试','jsnanjing'),(36,3131,'partTime','2015-09-15','2015-09-30','2015-09-13 16:41:20','一手楼盘销售提供住宿2600 高提成','任职要求：\n1.男女不限 户口不限 学历不限（只要你有一颗激情奋斗的心，并付诸努力，我愿意给你一个展现自我的平台）；\n2.性格开朗 ，通话标准，沟通无障碍；\n3. 对房产销售有浓厚的兴趣，有志于投身该行业的发展，追求个人发展和高薪；\n4. 具备良好的沟通表达能力和团队合作精神，准确把握客户需求，思维敏捷，责任心强；\n5. 通过与客户进行有效沟通了解客户需求, 寻找销售机会并完成销售业绩；\n6. 定期与合作客户进行沟通,建立良好的长期合作关系。\n福利待遇：\n1、全面岗前房产业务基础知识培训； \n2、高提成 绩效奖 月度奖金 公司旅游 公司聚餐 年终奖金 各种福利等，年薪8-16万，绩效考核，多劳多得。\n3、完善的职业晋升计划及空间，公平公正的晋升机制；','jsnanjing'),(37,3131,'partTime','2015-09-15','2015-09-30','2015-09-13 16:43:09','南京大牌档诚聘服务员','岗位职责：\n1、按照领班安排认真做好桌椅、餐厅卫生，餐厅铺台，准备好各种用品，确保正常营业使用。\n2、接待顾客应主动、热情、礼貌、耐心、周到，使顾客有宾至如归之感；\n3、运用礼貌语言，为客人提供最佳服务，\n4、善于向顾客介绍和推销本餐厅饮品及特色菜点；\n5、配合领班工作，服从领班或以上领导指挥，团结及善于帮助同事工作；\n6、积极参加培训，不断提高服务技能','jsnanjing'),(38,3131,'partTime','2015-09-15','2015-09-30','2015-09-13 16:47:02','店长6000-8000元火锅','岗位职责：:\n1、接受总经理的指示和安排\n2、根据公司下达的经营指标、费用指标及总经理的工作要求，制定全面的实施方案和分步计划。\n3、计划和组织餐饮的推销活动，扩大餐饮销售的渠道，增加营业收入。\n4、全面负责酒店运行的计划、组织和管理工作，确保日常业务的正常开展。\n5、根据直属下级上报的指标经营情况进行方案调整和工作重心的转移计划。\n6、根据不同时期反馈的客人意见，指导部门负责人制定相应的培训计划，并检查执行情况。\n7、督导前厅、厨房负责人组织好餐饮服务工作，提高餐饮服务质量。\n8、研究餐饮市场的动态和顾客的需求，有针对性的开发和改善产品服务。','jsnanjing'),(39,3131,'reqPartTime','2015-09-15','2015-09-30','2015-09-14 20:56:42','er','工作内容er',NULL),(40,3117,'partTime','2015-09-15','2015-09-30','2015-09-15 23:07:02','四星标准酒店五险一金招服务员包吃住','任职要求：\n1、高中毕业或具有同等学历。\n2、有熟练的服务技能技巧和一定的应变能力，能妥善处理服务中出现的一般性问题。\n3、工作主动、热情、认真，责任心较强。\n4、身体健康，仪表端庄。\n5、年龄：30岁以下。\n\n福利待遇：\n1、试用期2500。\n2、提供工作餐，员工宿舍，每周40小时工作制。\n3、入职当月即开始缴纳五险一金。\n4、年终奖。（根据个人考勤考核结果发放）\n5、节日福利。',NULL),(41,3117,'partTime','2015-09-09','2015-09-30','2015-09-19 20:08:39','test','å·¥ä½åå®¹',NULL),(42,3117,'reqPartTime','2015-09-19','2015-09-30','2015-09-19 20:18:15','test','中言',NULL),(43,3117,'reqPartTime','2015-09-19','2015-09-30','2015-09-19 20:18:15','test','å·¥ä½åå®¹',NULL),(44,3131,'reqPartTime','2015-09-19','2015-09-30','2015-09-19 14:31:35','tet','工作内容',NULL);

/*Table structure for table `prod_album` */

DROP TABLE IF EXISTS `prod_album`;

CREATE TABLE `prod_album` (
  `ALBUM_ID` bigint(20) NOT NULL,
  `PROD_ID` bigint(20) DEFAULT NULL,
  `ALBUM_NAME` varchar(256) DEFAULT NULL,
  `CREATE_DATE` datetime DEFAULT NULL,
  PRIMARY KEY (`ALBUM_ID`)
) ENGINE=InnoDB DEFAULT CHARSET=utf8 COMMENT='产品相册';

/*Data for the table `prod_album` */

/*Table structure for table `prod_album_photo` */

DROP TABLE IF EXISTS `prod_album_photo`;

CREATE TABLE `prod_album_photo` (
  `ALBUM_ID` bigint(20) DEFAULT NULL,
  `PHOTO_ID` bigint(20) NOT NULL,
  `PHOTO_NAME` varchar(256) DEFAULT NULL,
  `PHOTO_PATH` varchar(256) DEFAULT NULL,
  `CREATE_DATE` datetime DEFAULT NULL,
  PRIMARY KEY (`PHOTO_ID`)
) ENGINE=InnoDB DEFAULT CHARSET=utf8 COMMENT='产品相册内照片';

/*Data for the table `prod_album_photo` */

/*Table structure for table `prod_assessment` */

DROP TABLE IF EXISTS `prod_assessment`;

CREATE TABLE `prod_assessment` (
  `ASSESSMENT_ID` bigint(20) NOT NULL,
  `PROD_ID` bigint(20) DEFAULT NULL,
  `USER_ID` bigint(20) DEFAULT NULL,
  `ASSESSMENT_TYPE` varchar(20) DEFAULT NULL,
  `ASSESSMENT_RESULT` int(11) DEFAULT NULL,
  `CREATE_DATE` datetime DEFAULT NULL,
  `ALBUM_ID` bigint(20) DEFAULT NULL,
  PRIMARY KEY (`ASSESSMENT_ID`)
) ENGINE=InnoDB DEFAULT CHARSET=utf8 COMMENT='产品评价';

/*Data for the table `prod_assessment` */

/*Table structure for table `prod_assessment_album` */

DROP TABLE IF EXISTS `prod_assessment_album`;

CREATE TABLE `prod_assessment_album` (
  `ALBUM_ID` bigint(20) NOT NULL,
  `PROD_ID` bigint(20) DEFAULT NULL,
  `ALBUM_NAME` varchar(256) DEFAULT NULL,
  `CREATE_DATE` datetime DEFAULT NULL,
  PRIMARY KEY (`ALBUM_ID`)
) ENGINE=InnoDB DEFAULT CHARSET=utf8 COMMENT='产品评价相册';

/*Data for the table `prod_assessment_album` */

/*Table structure for table `prod_assessment_album_photo` */

DROP TABLE IF EXISTS `prod_assessment_album_photo`;

CREATE TABLE `prod_assessment_album_photo` (
  `ALBUM_ID` bigint(20) DEFAULT NULL,
  `PHOTO_ID` bigint(20) NOT NULL,
  `PHOTO_NAME` varchar(256) DEFAULT NULL,
  `PHOTO_PATH` varchar(256) DEFAULT NULL,
  `CREATE_DATE` datetime DEFAULT NULL,
  PRIMARY KEY (`PHOTO_ID`)
) ENGINE=InnoDB DEFAULT CHARSET=utf8 COMMENT='产品评价相册内照片';

/*Data for the table `prod_assessment_album_photo` */

/*Table structure for table `prod_char` */

DROP TABLE IF EXISTS `prod_char`;

CREATE TABLE `prod_char` (
  `prod_char_ID` bigint(20) NOT NULL,
  `PROD_ID` bigint(20) NOT NULL,
  `value` text NOT NULL,
  `CREATE_DATE` datetime NOT NULL,
  `char_id` bigint(12) NOT NULL,
  PRIMARY KEY (`prod_char_ID`)
) ENGINE=InnoDB DEFAULT CHARSET=utf8 COMMENT='产品条款';

/*Data for the table `prod_char` */

insert  into `prod_char`(`prod_char_ID`,`PROD_ID`,`value`,`CREATE_DATE`,`char_id`) values (33,33,'12','2015-09-12 22:56:40',11),(34,33,'njgulou','2015-09-12 22:56:41',12),(35,33,'xuesheng','2015-09-12 22:56:41',25),(36,33,'Application Cache Progress event (17 of 71) http://localhost:8080/PinBa/message/servNoticeMsg.html','2015-09-12 22:56:41',4),(37,33,'100','2015-09-12 22:56:41',14),(38,33,'yes','2015-09-12 22:56:42',15),(39,33,'yes','2015-09-12 22:56:42',16),(40,33,'gaozhong','2015-09-12 22:56:42',17),(41,33,'1-3','2015-09-12 22:56:42',18),(42,33,'18-30','2015-09-12 22:56:43',19),(43,34,'2','2015-09-13 15:58:29',11),(44,34,'njgulou','2015-09-13 15:58:29',12),(45,34,'tempworker','2015-09-13 15:58:29',25),(46,34,'南京秦淮汉中路1号 国际金融中心大厦43楼','2015-09-13 15:58:29',4),(47,34,'100','2015-09-13 15:58:30',14),(48,34,'yes','2015-09-13 15:58:30',15),(49,34,'yes','2015-09-13 15:58:30',16),(50,34,'nolimit','2015-09-13 15:58:30',17),(51,34,'nolimit','2015-09-13 15:58:31',18),(52,34,'nolimit','2015-09-13 15:58:31',19),(53,36,'3','2015-09-13 16:41:21',11),(54,36,'njgulou','2015-09-13 16:41:21',12),(55,36,'tempworker','2015-09-13 16:41:21',25),(56,36,'南京白下中山南路239号盛天大厦一单元1104室','2015-09-13 16:41:22',4),(57,36,'100','2015-09-13 16:41:22',14),(58,36,'yes','2015-09-13 16:41:22',15),(59,36,'yes','2015-09-13 16:41:22',16),(60,36,'nolimit','2015-09-13 16:41:23',17),(61,36,'nolimit','2015-09-13 16:41:23',18),(62,36,'nolimit','2015-09-13 16:41:23',19),(63,37,'3','2015-09-13 16:43:10',11),(64,37,'njjiangning','2015-09-13 16:43:10',12),(65,37,'tempworker','2015-09-13 16:43:10',25),(66,37,'123123','2015-09-13 16:43:10',4),(67,37,'100','2015-09-13 16:43:11',14),(68,37,'no','2015-09-13 16:43:11',15),(69,37,'yes','2015-09-13 16:43:11',16),(70,37,'gaozhong','2015-09-13 16:43:12',17),(71,37,'nolimit','2015-09-13 16:43:12',18),(72,37,'nolimit','2015-09-13 16:43:12',19),(73,38,'1','2015-09-13 16:47:08',11),(74,38,'njjiangning','2015-09-13 16:47:08',12),(75,38,'tempworker','2015-09-13 16:47:08',25),(76,38,'江宁河定桥欧尚超市2','2015-09-13 16:47:08',4),(77,38,'200','2015-09-13 16:47:09',14),(78,38,'no','2015-09-13 16:47:09',15),(79,38,'no','2015-09-13 16:47:09',16),(80,38,'nolimit','2015-09-13 16:47:10',17),(81,38,'nolimit','2015-09-13 16:47:10',18),(82,38,'nolimit','2015-09-13 16:47:10',19),(83,35,'41','2015-09-13 17:32:19',35),(84,39,'reqPartTime','2015-09-14 20:56:42',36),(85,39,'41','2015-09-14 20:56:42',35),(86,36,'partTime','2015-09-14 21:02:50',36),(87,34,'partTime','2015-09-15 13:33:57',36),(88,40,'50','2015-09-15 23:07:02',11),(89,40,'partTime','2015-09-15 23:07:03',36),(90,40,'njgulou','2015-09-15 23:07:03',12),(91,40,'waiter','2015-09-15 23:07:03',25),(92,40,'南京雨花台安德门安德门大街21号金峰汇大酒店','2015-09-15 23:07:03',4),(93,40,'100','2015-09-15 23:07:03',14),(94,40,'no','2015-09-15 23:07:04',15),(95,40,'yes','2015-09-15 23:07:04',16),(96,40,'gaozhong','2015-09-15 23:07:04',17),(97,40,'1to3year','2015-09-15 23:07:04',18),(98,40,'nolimit','2015-09-15 23:07:04',19),(99,38,'partTime','2015-09-15 23:18:50',36),(100,37,'partTime','2015-09-15 23:19:34',36),(101,41,'1','2015-09-19 20:08:39',11),(102,41,'partTime','2015-09-19 20:08:39',36),(103,41,'njgulou','2015-09-19 20:08:39',12),(104,41,'waiter','2015-09-19 20:08:39',25),(105,41,'test','2015-09-19 20:08:39',4),(106,41,'100','2015-09-19 20:08:39',14),(107,41,'no','2015-09-19 20:08:39',15),(108,41,'yes','2015-09-19 20:08:39',16),(109,41,'gaozhong','2015-09-19 20:08:39',17),(110,41,'1to3year','2015-09-19 20:08:39',18),(111,41,'nolimit','2015-09-19 20:08:39',19),(112,42,'reqPartTime','2015-09-19 20:18:15',36),(113,42,'41','2015-09-19 20:18:15',35),(114,43,'reqPartTime','2015-09-19 20:18:15',36),(115,43,'41','2015-09-19 20:18:15',35),(116,44,'reqPartTime','2015-09-19 14:31:35',36),(117,44,'37','2015-09-19 14:31:35',35);

/*Table structure for table `prod_lookhis` */

DROP TABLE IF EXISTS `prod_lookhis`;

CREATE TABLE `prod_lookhis` (
  `LOOKHIS_ID` bigint(20) NOT NULL,
  `USER_ID` bigint(20) DEFAULT NULL,
  `PROD_ID` bigint(20) DEFAULT NULL,
  `CREATE_DATE` datetime DEFAULT NULL,
  PRIMARY KEY (`LOOKHIS_ID`)
) ENGINE=InnoDB DEFAULT CHARSET=utf8 COMMENT='浏览记录';

/*Data for the table `prod_lookhis` */

insert  into `prod_lookhis`(`LOOKHIS_ID`,`USER_ID`,`PROD_ID`,`CREATE_DATE`) values (32,3117,34,'2015-09-15 21:44:06'),(33,3117,34,'2015-09-15 21:44:16'),(34,3117,34,'2015-09-15 21:45:03'),(35,3117,34,'2015-09-15 21:45:56'),(36,3117,34,'2015-09-15 21:55:08'),(37,3117,34,'2015-09-15 21:57:56'),(38,3117,34,'2015-09-15 22:02:25'),(39,3117,34,'2015-09-15 22:06:24'),(40,3117,34,'2015-09-15 22:06:43'),(41,3117,36,'2015-09-15 22:06:59'),(42,3117,35,'2015-09-15 22:07:50'),(43,3117,34,'2015-09-15 22:08:03'),(44,3117,35,'2015-09-15 22:09:52'),(45,3117,35,'2015-09-15 22:10:50'),(46,3117,35,'2015-09-15 22:11:46'),(47,3117,35,'2015-09-15 22:12:40'),(48,3117,35,'2015-09-15 22:15:36'),(49,3117,35,'2015-09-15 22:17:39'),(50,3117,35,'2015-09-15 22:19:11'),(51,3117,35,'2015-09-15 22:22:41'),(52,3117,35,'2015-09-15 22:24:18'),(53,3117,35,'2015-09-15 22:26:24'),(54,3117,35,'2015-09-15 22:30:58'),(55,3117,35,'2015-09-15 22:31:37'),(56,3117,35,'2015-09-15 22:34:07'),(57,3117,35,'2015-09-15 22:36:51'),(58,3117,34,'2015-09-15 22:37:05'),(59,3117,34,'2015-09-18 20:57:16'),(60,3117,34,'2015-09-18 20:58:27'),(61,3117,34,'2015-09-18 21:12:48'),(62,3117,34,'2015-09-18 21:15:32'),(63,3117,36,'2015-09-18 21:16:03'),(64,3117,37,'2015-09-18 21:16:11'),(65,3117,38,'2015-09-18 21:16:28'),(66,3117,36,'2015-09-18 21:16:43'),(67,3117,34,'2015-09-19 22:55:34'),(68,3117,34,'2015-09-19 22:55:40'),(69,3117,34,'2015-09-22 12:47:10'),(70,3117,36,'2015-09-22 12:47:28'),(71,3117,34,'2015-09-22 13:10:59'),(72,3117,35,'2015-09-22 13:11:44'),(73,3117,36,'2015-09-22 13:17:05');

/*Table structure for table `prod_order_flow` */

DROP TABLE IF EXISTS `prod_order_flow`;

CREATE TABLE `prod_order_flow` (
  `FLOW_ID` bigint(20) NOT NULL,
  `PROD_TYPE` varchar(20) DEFAULT NULL,
  `CREATE_DATE` datetime DEFAULT NULL,
  PRIMARY KEY (`FLOW_ID`)
) ENGINE=InnoDB DEFAULT CHARSET=utf8 COMMENT='产品订单流程';

/*Data for the table `prod_order_flow` */

/*Table structure for table `prod_order_flow_node` */

DROP TABLE IF EXISTS `prod_order_flow_node`;

CREATE TABLE `prod_order_flow_node` (
  `FLOW_NODE_ID` bigint(20) NOT NULL,
  `FLOW_ID` bigint(20) DEFAULT NULL,
  `ORIGIN_STATE` varchar(20) DEFAULT NULL,
  `ORDER_ITEM_TYPE` varchar(20) DEFAULT NULL COMMENT 'cancel取消\n            payment付款成功\n            complete完成\n            booking预约\n            signin签到\n            siginout签退\n            pointsend积分发放\n            rebate余额返还，返利\n            charge扣除佣金\n            refund退款',
  `DEST_STATE` varchar(20) DEFAULT NULL,
  `CREATE_DATE` datetime DEFAULT NULL,
  PRIMARY KEY (`FLOW_NODE_ID`)
) ENGINE=InnoDB DEFAULT CHARSET=utf8 COMMENT='流程节点';

/*Data for the table `prod_order_flow_node` */

/*Table structure for table `prod_price` */

DROP TABLE IF EXISTS `prod_price`;

CREATE TABLE `prod_price` (
  `PRICE_ID` bigint(20) NOT NULL,
  `PROD_ID` bigint(20) DEFAULT NULL,
  `VALUE` float DEFAULT NULL,
  `VALUE_TYPE` varchar(20) DEFAULT NULL,
  `EFF_DATE` date DEFAULT NULL,
  `EXP_DATE` date DEFAULT NULL,
  `CREATE_DATE` datetime DEFAULT NULL,
  PRIMARY KEY (`PRICE_ID`)
) ENGINE=InnoDB DEFAULT CHARSET=utf8 COMMENT='产品定价';

/*Data for the table `prod_price` */

/*Table structure for table `sys_param` */

DROP TABLE IF EXISTS `sys_param`;

CREATE TABLE `sys_param` (
  `PARAM_CLASS` varchar(256) DEFAULT NULL,
  `PARAM_VALUE` varchar(256) DEFAULT NULL,
  `PARAM_NAME` varchar(256) DEFAULT NULL,
  `SEQ` smallint(6) DEFAULT NULL,
  `TABLE_COLUMN` varchar(256) DEFAULT NULL COMMENT '使用此参数的表字段',
  `SUPER_CLASS` char(10) DEFAULT NULL
) ENGINE=InnoDB DEFAULT CHARSET=utf8 COMMENT='系统参数定义';

/*Data for the table `sys_param` */

/*Table structure for table `sys_seq` */

DROP TABLE IF EXISTS `sys_seq`;

CREATE TABLE `sys_seq` (
  `SEQ_NAME` varchar(128) NOT NULL,
  `START_BY` bigint(20) DEFAULT NULL,
  `INCREMENT_BY` smallint(6) DEFAULT NULL,
  `LAST_NUMBER` bigint(20) DEFAULT NULL,
  `JVM_STEP_BY` smallint(6) DEFAULT NULL,
  `TAB_NAME` varchar(128) DEFAULT NULL,
  `COL_NAME` varchar(128) DEFAULT NULL,
  PRIMARY KEY (`SEQ_NAME`)
) ENGINE=InnoDB DEFAULT CHARSET=utf8 COMMENT='seq定义表';

/*Data for the table `sys_seq` */

insert  into `sys_seq`(`SEQ_NAME`,`START_BY`,`INCREMENT_BY`,`LAST_NUMBER`,`JVM_STEP_BY`,`TAB_NAME`,`COL_NAME`) values ('ORDER_ITEM$SEQ',1,1,31,20,'ORDER_ITEM','ITEM_ID'),('ORDER_PAY_HIS$SEQ',1,1,31,20,'ORDER_PAY_HIS','PAYHIS_ID'),('ORDER_PROD$SEQ',1,1,31,20,'ORDER_PROD','ORDER_PROD_ID'),('PROD$SEQ',1,1,44,20,'PROD','PROD_ID'),('PROD_ALBUM$SEQ',1,1,31,20,'PROD_ALBUM','ALBUM_ID'),('PROD_ALBUM_PHOTO$SEQ',1,1,31,20,'PROD_ALBUM_PHOTO','PHOTO_ID'),('PROD_ASSESSMENT$SEQ',1,1,31,20,'PROD_ASSESSMENT','ASSESSMENT_ID'),('PROD_ASSESSMENT_ALBUM$SEQ',1,1,31,20,'PROD_ASSESSMENT_ALBUM','ALBUM_ID'),('PROD_ASSESSMENT_ALBUM_PHOTO$SEQ',1,1,31,20,'PROD_ASSESSMENT_ALBUM_PHOTO','PHOTO_ID'),('PROD_CHAR$SEQ',1,1,117,20,'PROD_CHAR','PROD_CHAR_ID'),('PROD_LOOKHIS$SEQ',1,1,73,20,'PROD_LOOKHIS','LOOKHIS_ID'),('PROD_ORDER_FLOW$SEQ',1,1,31,20,'PROD_ORDER_FLOW','FLOW_ID'),('PROD_ORDER_FLOW_NODE$SEQ',1,1,31,20,'PROD_ORDER_FLOW_NODE','FLOW_NODE_ID'),('PROD_PRICE$SEQ',1,1,31,20,'PROD_PRICE','PRICE_ID'),('SYS_SEQ$SEQ',1,1,31,20,'SYS_SEQ','SEQ_NAME'),('USER$SEQ',1,1,3161,20,'USER','USER_ID'),('USER_ACCT$SEQ',1,1,112,20,'USER_ACCT','ACCT_ID'),('USER_ACCT_HIS$SEQ',1,1,31,20,'USER_ACCT_HIS','ACCT_HISID'),('USER_ALBUM$SEQ',1,1,33,20,'USER_ALBUM','ALBUM_ID'),('USER_ALBUM_PHOTO$SEQ',1,1,34,20,'USER_ALBUM_PHOTO','PHOTO_ID'),('USER_CHAR$SEQ',1,1,58,20,'USER_CHAR','USER_CHAR_ID'),('USER_CHAR_VALUE$SEQ',1,1,31,20,'USER_CHAR_VALUE','USER_CHAR_VALUE_ID'),('USER_FOCUS$SEQ',1,1,38,20,'USER_FOCUS','FOCUS_ID'),('USER_POSITION$SEQ',1,1,125,20,'USER_POSITION','POSITION_ID'),('USER_PROD$SEQ',1,1,43,20,'USER_PROD','USER_PROD_ID'),('USER_PROD_CHAR$SEQ',1,1,36,20,'USER_PROD_CHAR','USER_PROD_CHAR_ID'),('USER_RESUME$SEQ',1,1,41,20,'USER_RESUME','RESUME_ID'),('USER_RESUME_CHAR$SEQ',1,1,121,20,'USER_RESUME_CHAR','RESUME_CHAR_ID'),('USER_RESUME_LOOKHIS$SEQ',1,1,41,20,'USER_RESUME_LOOKHIS','LOOKHIS_ID');

/*Table structure for table `user` */

DROP TABLE IF EXISTS `user`;

CREATE TABLE `user` (
  `USER_ID` bigint(20) NOT NULL,
  `USER_NAME` varchar(256) DEFAULT NULL,
  `USER_TYPE` varchar(20) DEFAULT NULL,
  `USER_AUTHSTATE` varchar(20) DEFAULT NULL,
  `USER_CREDIT` bigint(20) DEFAULT NULL,
  `USER_LEVEL` varchar(20) DEFAULT NULL,
  `PASSWORD` varchar(256) DEFAULT NULL,
  `CREATE_DATE` datetime DEFAULT NULL,
  `USER_CODE` varchar(20) DEFAULT NULL,
  `TOKEN` varchar(128) DEFAULT NULL,
  PRIMARY KEY (`USER_ID`)
) ENGINE=InnoDB DEFAULT CHARSET=utf8 COMMENT='用户基本信息表';

/*Data for the table `user` */

insert  into `user`(`USER_ID`,`USER_NAME`,`USER_TYPE`,`USER_AUTHSTATE`,`USER_CREDIT`,`USER_LEVEL`,`PASSWORD`,`CREATE_DATE`,`USER_CODE`,`TOKEN`) values (2013,'caojian1000','private','no',310,'2','123123','2015-09-05 15:24:05','caojian1000',NULL),(2014,'caojian999','private','no',310,'2','123123','2015-09-05 15:24:05','caojian999',NULL),(2015,'caojian998','private','no',310,'2','123123','2015-09-05 15:24:05','caojian998',NULL),(2016,'caojian997','private','no',310,'2','123123','2015-09-05 15:24:05','caojian997',NULL),(2017,'caojian996','private','no',310,'2','123123','2015-09-05 15:24:05','caojian996',NULL),(2018,'caojian995','private','no',310,'2','123123','2015-09-05 15:24:05','caojian995',NULL),(2019,'caojian994','private','no',310,'2','123123','2015-09-05 15:24:05','caojian994',NULL),(2020,'caojian993','private','no',310,'2','123123','2015-09-05 15:24:05','caojian993',NULL),(2021,'caojian992','private','no',310,'2','123123','2015-09-05 15:24:05','caojian992',NULL),(2022,'caojian991','private','no',310,'2','123123','2015-09-05 15:24:05','caojian991','A01A3F76E1FFAEA3F2ADFE764A859DE5'),(2023,'caojian990','private','no',310,'2','123123','2015-09-05 15:24:05','caojian990',NULL),(2024,'caojian989','private','no',310,'2','123123','2015-09-05 15:24:05','caojian989',NULL),(2025,'caojian988','private','no',310,'2','123123','2015-09-05 15:24:05','caojian988',NULL),(2026,'caojian987','private','no',310,'2','123123','2015-09-05 15:24:05','caojian987',NULL),(2027,'caojian986','private','no',310,'2','123123','2015-09-05 15:24:05','caojian986',NULL),(2028,'caojian985','private','no',310,'2','123123','2015-09-05 15:24:05','caojian985',NULL),(2029,'caojian984','private','no',310,'2','123123','2015-09-05 15:24:05','caojian984',NULL),(2030,'caojian983','private','no',310,'2','123123','2015-09-05 15:24:05','caojian983',NULL),(2031,'caojian982','private','no',310,'2','123123','2015-09-05 15:24:05','caojian982',NULL),(2032,'caojian981','private','no',310,'2','123123','2015-09-05 15:24:05','caojian981',NULL),(2033,'caojian980','private','no',310,'2','123123','2015-09-05 15:24:05','caojian980',NULL),(2034,'caojian979','private','no',310,'2','123123','2015-09-05 15:24:05','caojian979',NULL),(2035,'caojian978','private','no',310,'2','123123','2015-09-05 15:24:05','caojian978',NULL),(2036,'caojian977','private','no',310,'2','123123','2015-09-05 15:24:05','caojian977',NULL),(2037,'caojian976','private','no',310,'2','123123','2015-09-05 15:24:05','caojian976',NULL),(2038,'caojian975','private','no',310,'2','123123','2015-09-05 15:24:05','caojian975',NULL),(2039,'caojian974','private','no',310,'2','123123','2015-09-05 15:24:05','caojian974',NULL),(2040,'caojian973','private','no',310,'2','123123','2015-09-05 15:24:05','caojian973',NULL),(2041,'caojian972','private','no',310,'2','123123','2015-09-05 15:24:05','caojian972',NULL),(2042,'caojian971','private','no',310,'2','123123','2015-09-05 15:24:05','caojian971',NULL),(2043,'caojian970','private','no',310,'2','123123','2015-09-05 15:24:05','caojian970',NULL),(2044,'caojian969','private','no',310,'2','123123','2015-09-05 15:24:05','caojian969',NULL),(2045,'caojian968','private','no',310,'2','123123','2015-09-05 15:24:05','caojian968',NULL),(2046,'caojian967','private','no',310,'2','123123','2015-09-05 15:24:05','caojian967',NULL),(2047,'caojian966','private','no',310,'2','123123','2015-09-05 15:24:05','caojian966',NULL),(2048,'caojian965','private','no',310,'2','123123','2015-09-05 15:24:05','caojian965',NULL),(2049,'caojian964','private','no',310,'2','123123','2015-09-05 15:24:05','caojian964',NULL),(2050,'caojian963','private','no',310,'2','123123','2015-09-05 15:24:05','caojian963',NULL),(2051,'caojian962','private','no',310,'2','123123','2015-09-05 15:24:05','caojian962',NULL),(2052,'caojian961','private','no',310,'2','123123','2015-09-05 15:24:05','caojian961',NULL),(2053,'caojian960','private','no',310,'2','123123','2015-09-05 15:24:05','caojian960',NULL),(2054,'caojian959','private','no',310,'2','123123','2015-09-05 15:24:05','caojian959',NULL),(2055,'caojian958','private','no',310,'2','123123','2015-09-05 15:24:05','caojian958',NULL),(2056,'caojian957','private','no',310,'2','123123','2015-09-05 15:24:05','caojian957',NULL),(2057,'caojian956','private','no',310,'2','123123','2015-09-05 15:24:05','caojian956',NULL),(2058,'caojian955','private','no',310,'2','123123','2015-09-05 15:24:05','caojian955',NULL),(2059,'caojian954','private','no',310,'2','123123','2015-09-05 15:24:05','caojian954',NULL),(2060,'caojian953','private','no',310,'2','123123','2015-09-05 15:24:05','caojian953',NULL),(2061,'caojian952','private','no',310,'2','123123','2015-09-05 15:24:05','caojian952',NULL),(2062,'caojian951','private','no',310,'2','123123','2015-09-05 15:24:05','caojian951',NULL),(2063,'caojian950','private','no',310,'2','123123','2015-09-05 15:24:05','caojian950',NULL),(2064,'caojian949','private','no',310,'2','123123','2015-09-05 15:24:05','caojian949',NULL),(2065,'caojian948','private','no',310,'2','123123','2015-09-05 15:24:05','caojian948',NULL),(2066,'caojian947','private','no',310,'2','123123','2015-09-05 15:24:05','caojian947',NULL),(2067,'caojian946','private','no',310,'2','123123','2015-09-05 15:24:05','caojian946',NULL),(2068,'caojian945','private','no',310,'2','123123','2015-09-05 15:24:05','caojian945',NULL),(2069,'caojian944','private','no',310,'2','123123','2015-09-05 15:24:05','caojian944',NULL),(2070,'caojian943','private','no',310,'2','123123','2015-09-05 15:24:05','caojian943',NULL),(2071,'caojian942','private','no',310,'2','123123','2015-09-05 15:24:05','caojian942',NULL),(2072,'caojian941','private','no',310,'2','123123','2015-09-05 15:24:05','caojian941',NULL),(2073,'caojian940','private','no',310,'2','123123','2015-09-05 15:24:05','caojian940',NULL),(2074,'caojian939','private','no',310,'2','123123','2015-09-05 15:24:05','caojian939',NULL),(2075,'caojian938','private','no',310,'2','123123','2015-09-05 15:24:05','caojian938',NULL),(2076,'caojian937','private','no',310,'2','123123','2015-09-05 15:24:05','caojian937',NULL),(2077,'caojian936','private','no',310,'2','123123','2015-09-05 15:24:05','caojian936',NULL),(2078,'caojian935','private','no',310,'2','123123','2015-09-05 15:24:05','caojian935',NULL),(2079,'caojian934','private','no',310,'2','123123','2015-09-05 15:24:05','caojian934',NULL),(2080,'caojian933','private','no',310,'2','123123','2015-09-05 15:24:05','caojian933',NULL),(2081,'caojian932','private','no',310,'2','123123','2015-09-05 15:24:05','caojian932',NULL),(2082,'caojian931','private','no',310,'2','123123','2015-09-05 15:24:05','caojian931',NULL),(2083,'caojian930','private','no',310,'2','123123','2015-09-05 15:24:05','caojian930',NULL),(2084,'caojian929','private','no',310,'2','123123','2015-09-05 15:24:05','caojian929',NULL),(2085,'caojian928','private','no',310,'2','123123','2015-09-05 15:24:05','caojian928',NULL),(2086,'caojian927','private','no',310,'2','123123','2015-09-05 15:24:05','caojian927',NULL),(2087,'caojian926','private','no',310,'2','123123','2015-09-05 15:24:05','caojian926',NULL),(2088,'caojian925','private','no',310,'2','123123','2015-09-05 15:24:05','caojian925',NULL),(2089,'caojian924','private','no',310,'2','123123','2015-09-05 15:24:05','caojian924',NULL),(2090,'caojian923','private','no',310,'2','123123','2015-09-05 15:24:05','caojian923',NULL),(2091,'caojian922','private','no',310,'2','123123','2015-09-05 15:24:05','caojian922',NULL),(2092,'caojian921','private','no',310,'2','123123','2015-09-05 15:24:05','caojian921',NULL),(2093,'caojian920','private','no',310,'2','123123','2015-09-05 15:24:05','caojian920',NULL),(2094,'caojian919','private','no',310,'2','123123','2015-09-05 15:24:05','caojian919',NULL),(2095,'caojian918','private','no',310,'2','123123','2015-09-05 15:24:05','caojian918',NULL),(2096,'caojian917','private','no',310,'2','123123','2015-09-05 15:24:05','caojian917',NULL),(2097,'caojian916','private','no',310,'2','123123','2015-09-05 15:24:05','caojian916',NULL),(2098,'caojian915','private','no',310,'2','123123','2015-09-05 15:24:05','caojian915',NULL),(2099,'caojian914','private','no',310,'2','123123','2015-09-05 15:24:05','caojian914',NULL),(2100,'caojian913','private','no',310,'2','123123','2015-09-05 15:24:05','caojian913',NULL),(2101,'caojian912','private','no',310,'2','123123','2015-09-05 15:24:05','caojian912',NULL),(2102,'caojian911','private','no',310,'2','123123','2015-09-05 15:24:05','caojian911',NULL),(2103,'caojian910','private','no',310,'2','123123','2015-09-05 15:24:05','caojian910',NULL),(2104,'caojian909','private','no',310,'2','123123','2015-09-05 15:24:05','caojian909',NULL),(2105,'caojian908','private','no',310,'2','123123','2015-09-05 15:24:05','caojian908',NULL),(2106,'caojian907','private','no',310,'2','123123','2015-09-05 15:24:05','caojian907',NULL),(2107,'caojian906','private','no',310,'2','123123','2015-09-05 15:24:05','caojian906',NULL),(2108,'caojian905','private','no',310,'2','123123','2015-09-05 15:24:05','caojian905',NULL),(2109,'caojian904','private','no',310,'2','123123','2015-09-05 15:24:05','caojian904',NULL),(2110,'caojian903','private','no',310,'2','123123','2015-09-05 15:24:05','caojian903',NULL),(2111,'caojian902','private','no',310,'2','123123','2015-09-05 15:24:05','caojian902',NULL),(2112,'caojian901','private','no',310,'2','123123','2015-09-05 15:24:05','caojian901',NULL),(2113,'caojian900','private','no',310,'2','123123','2015-09-05 15:24:05','caojian900',NULL),(2114,'caojian899','private','no',310,'2','123123','2015-09-05 15:24:05','caojian899',NULL),(2115,'caojian898','private','no',310,'2','123123','2015-09-05 15:24:05','caojian898',NULL),(2116,'caojian897','private','no',310,'2','123123','2015-09-05 15:24:05','caojian897',NULL),(2117,'caojian896','private','no',310,'2','123123','2015-09-05 15:24:05','caojian896',NULL),(2118,'caojian895','private','no',310,'2','123123','2015-09-05 15:24:05','caojian895',NULL),(2119,'caojian894','private','no',310,'2','123123','2015-09-05 15:24:05','caojian894',NULL),(2120,'caojian893','private','no',310,'2','123123','2015-09-05 15:24:05','caojian893',NULL),(2121,'caojian892','private','no',310,'2','123123','2015-09-05 15:24:05','caojian892',NULL),(2122,'caojian891','private','no',310,'2','123123','2015-09-05 15:24:05','caojian891',NULL),(2123,'caojian890','private','no',310,'2','123123','2015-09-05 15:24:05','caojian890',NULL),(2124,'caojian889','private','no',310,'2','123123','2015-09-05 15:24:05','caojian889',NULL),(2125,'caojian888','private','no',310,'2','123123','2015-09-05 15:24:05','caojian888',NULL),(2126,'caojian887','private','no',310,'2','123123','2015-09-05 15:24:05','caojian887',NULL),(2127,'caojian886','private','no',310,'2','123123','2015-09-05 15:24:05','caojian886',NULL),(2128,'caojian885','private','no',310,'2','123123','2015-09-05 15:24:05','caojian885',NULL),(2129,'caojian884','private','no',310,'2','123123','2015-09-05 15:24:05','caojian884',NULL),(2130,'caojian883','private','no',310,'2','123123','2015-09-05 15:24:05','caojian883',NULL),(2131,'caojian882','private','no',310,'2','123123','2015-09-05 15:24:05','caojian882',NULL),(2132,'caojian881','private','no',310,'2','123123','2015-09-05 15:24:05','caojian881',NULL),(2133,'caojian880','private','no',310,'2','123123','2015-09-05 15:24:05','caojian880',NULL),(2134,'caojian879','private','no',310,'2','123123','2015-09-05 15:24:05','caojian879',NULL),(2135,'caojian878','private','no',310,'2','123123','2015-09-05 15:24:05','caojian878',NULL),(2136,'caojian877','private','no',310,'2','123123','2015-09-05 15:24:05','caojian877',NULL),(2137,'caojian876','private','no',310,'2','123123','2015-09-05 15:24:05','caojian876',NULL),(2138,'caojian875','private','no',310,'2','123123','2015-09-05 15:24:05','caojian875',NULL),(2139,'caojian874','private','no',310,'2','123123','2015-09-05 15:24:05','caojian874',NULL),(2140,'caojian873','private','no',310,'2','123123','2015-09-05 15:24:05','caojian873',NULL),(2141,'caojian872','private','no',310,'2','123123','2015-09-05 15:24:05','caojian872',NULL),(2142,'caojian871','private','no',310,'2','123123','2015-09-05 15:24:05','caojian871',NULL),(2143,'caojian870','private','no',310,'2','123123','2015-09-05 15:24:05','caojian870',NULL),(2144,'caojian869','private','no',310,'2','123123','2015-09-05 15:24:05','caojian869',NULL),(2145,'caojian868','private','no',310,'2','123123','2015-09-05 15:24:05','caojian868',NULL),(2146,'caojian867','private','no',310,'2','123123','2015-09-05 15:24:05','caojian867',NULL),(2147,'caojian866','private','no',310,'2','123123','2015-09-05 15:24:05','caojian866',NULL),(2148,'caojian865','private','no',310,'2','123123','2015-09-05 15:24:05','caojian865',NULL),(2149,'caojian864','private','no',310,'2','123123','2015-09-05 15:24:05','caojian864',NULL),(2150,'caojian863','private','no',310,'2','123123','2015-09-05 15:24:05','caojian863',NULL),(2151,'caojian862','private','no',310,'2','123123','2015-09-05 15:24:05','caojian862',NULL),(2152,'caojian861','private','no',310,'2','123123','2015-09-05 15:24:05','caojian861',NULL),(2153,'caojian860','private','no',310,'2','123123','2015-09-05 15:24:05','caojian860',NULL),(2154,'caojian859','private','no',310,'2','123123','2015-09-05 15:24:05','caojian859',NULL),(2155,'caojian858','private','no',310,'2','123123','2015-09-05 15:24:05','caojian858',NULL),(2156,'caojian857','private','no',310,'2','123123','2015-09-05 15:24:05','caojian857',NULL),(2157,'caojian856','private','no',310,'2','123123','2015-09-05 15:24:05','caojian856',NULL),(2158,'caojian855','private','no',310,'2','123123','2015-09-05 15:24:05','caojian855',NULL),(2159,'caojian854','private','no',310,'2','123123','2015-09-05 15:24:05','caojian854',NULL),(2160,'caojian853','private','no',310,'2','123123','2015-09-05 15:24:05','caojian853',NULL),(2161,'caojian852','private','no',310,'2','123123','2015-09-05 15:24:05','caojian852',NULL),(2162,'caojian851','private','no',310,'2','123123','2015-09-05 15:24:05','caojian851',NULL),(2163,'caojian850','private','no',310,'2','123123','2015-09-05 15:24:05','caojian850',NULL),(2164,'caojian849','private','no',310,'2','123123','2015-09-05 15:24:05','caojian849',NULL),(2165,'caojian848','private','no',310,'2','123123','2015-09-05 15:24:05','caojian848',NULL),(2166,'caojian847','private','no',310,'2','123123','2015-09-05 15:24:05','caojian847',NULL),(2167,'caojian846','private','no',310,'2','123123','2015-09-05 15:24:05','caojian846',NULL),(2168,'caojian845','private','no',310,'2','123123','2015-09-05 15:24:05','caojian845',NULL),(2169,'caojian844','private','no',310,'2','123123','2015-09-05 15:24:05','caojian844',NULL),(2170,'caojian843','private','no',310,'2','123123','2015-09-05 15:24:05','caojian843',NULL),(2171,'caojian842','private','no',310,'2','123123','2015-09-05 15:24:05','caojian842',NULL),(2172,'caojian841','private','no',310,'2','123123','2015-09-05 15:24:05','caojian841',NULL),(2173,'caojian840','private','no',310,'2','123123','2015-09-05 15:24:05','caojian840',NULL),(2174,'caojian839','private','no',310,'2','123123','2015-09-05 15:24:05','caojian839',NULL),(2175,'caojian838','private','no',310,'2','123123','2015-09-05 15:24:05','caojian838',NULL),(2176,'caojian837','private','no',310,'2','123123','2015-09-05 15:24:05','caojian837',NULL),(2177,'caojian836','private','no',310,'2','123123','2015-09-05 15:24:05','caojian836',NULL),(2178,'caojian835','private','no',310,'2','123123','2015-09-05 15:24:05','caojian835',NULL),(2179,'caojian834','private','no',310,'2','123123','2015-09-05 15:24:05','caojian834',NULL),(2180,'caojian833','private','no',310,'2','123123','2015-09-05 15:24:05','caojian833',NULL),(2181,'caojian832','private','no',310,'2','123123','2015-09-05 15:24:05','caojian832',NULL),(2182,'caojian831','private','no',310,'2','123123','2015-09-05 15:24:05','caojian831',NULL),(2183,'caojian830','private','no',310,'2','123123','2015-09-05 15:24:05','caojian830',NULL),(2184,'caojian829','private','no',310,'2','123123','2015-09-05 15:24:05','caojian829',NULL),(2185,'caojian828','private','no',310,'2','123123','2015-09-05 15:24:05','caojian828',NULL),(2186,'caojian827','private','no',310,'2','123123','2015-09-05 15:24:05','caojian827',NULL),(2187,'caojian826','private','no',310,'2','123123','2015-09-05 15:24:05','caojian826',NULL),(2188,'caojian825','private','no',310,'2','123123','2015-09-05 15:24:05','caojian825',NULL),(2189,'caojian824','private','no',310,'2','123123','2015-09-05 15:24:05','caojian824',NULL),(2190,'caojian823','private','no',310,'2','123123','2015-09-05 15:24:05','caojian823',NULL),(2191,'caojian822','private','no',310,'2','123123','2015-09-05 15:24:05','caojian822',NULL),(2192,'caojian821','private','no',310,'2','123123','2015-09-05 15:24:05','caojian821',NULL),(2193,'caojian820','private','no',310,'2','123123','2015-09-05 15:24:05','caojian820',NULL),(2194,'caojian819','private','no',310,'2','123123','2015-09-05 15:24:05','caojian819',NULL),(2195,'caojian818','private','no',310,'2','123123','2015-09-05 15:24:05','caojian818',NULL),(2196,'caojian817','private','no',310,'2','123123','2015-09-05 15:24:05','caojian817',NULL),(2197,'caojian816','private','no',310,'2','123123','2015-09-05 15:24:05','caojian816',NULL),(2198,'caojian815','private','no',310,'2','123123','2015-09-05 15:24:05','caojian815',NULL),(2199,'caojian814','private','no',310,'2','123123','2015-09-05 15:24:05','caojian814',NULL),(2200,'caojian813','private','no',310,'2','123123','2015-09-05 15:24:05','caojian813',NULL),(2201,'caojian812','private','no',310,'2','123123','2015-09-05 15:24:05','caojian812',NULL),(2202,'caojian811','private','no',310,'2','123123','2015-09-05 15:24:05','caojian811',NULL),(2203,'caojian810','private','no',310,'2','123123','2015-09-05 15:24:05','caojian810',NULL),(2204,'caojian809','private','no',310,'2','123123','2015-09-05 15:24:05','caojian809',NULL),(2205,'caojian808','private','no',310,'2','123123','2015-09-05 15:24:05','caojian808',NULL),(2206,'caojian807','private','no',310,'2','123123','2015-09-05 15:24:05','caojian807',NULL),(2207,'caojian806','private','no',310,'2','123123','2015-09-05 15:24:05','caojian806',NULL),(2208,'caojian805','private','no',310,'2','123123','2015-09-05 15:24:05','caojian805',NULL),(2209,'caojian804','private','no',310,'2','123123','2015-09-05 15:24:05','caojian804',NULL),(2210,'caojian803','private','no',310,'2','123123','2015-09-05 15:24:05','caojian803',NULL),(2211,'caojian802','private','no',310,'2','123123','2015-09-05 15:24:05','caojian802',NULL),(2212,'caojian801','private','no',310,'2','123123','2015-09-05 15:24:05','caojian801',NULL),(2213,'caojian800','private','no',310,'2','123123','2015-09-05 15:24:05','caojian800',NULL),(2214,'caojian799','private','no',310,'2','123123','2015-09-05 15:24:05','caojian799',NULL),(2215,'caojian798','private','no',310,'2','123123','2015-09-05 15:24:05','caojian798',NULL),(2216,'caojian797','private','no',310,'2','123123','2015-09-05 15:24:05','caojian797',NULL),(2217,'caojian796','private','no',310,'2','123123','2015-09-05 15:24:05','caojian796',NULL),(2218,'caojian795','private','no',310,'2','123123','2015-09-05 15:24:05','caojian795',NULL),(2219,'caojian794','private','no',310,'2','123123','2015-09-05 15:24:05','caojian794',NULL),(2220,'caojian793','private','no',310,'2','123123','2015-09-05 15:24:05','caojian793',NULL),(2221,'caojian792','private','no',310,'2','123123','2015-09-05 15:24:05','caojian792',NULL),(2222,'caojian791','private','no',310,'2','123123','2015-09-05 15:24:05','caojian791',NULL),(2223,'caojian790','private','no',310,'2','123123','2015-09-05 15:24:05','caojian790',NULL),(2224,'caojian789','private','no',310,'2','123123','2015-09-05 15:24:05','caojian789',NULL),(2225,'caojian788','private','no',310,'2','123123','2015-09-05 15:24:05','caojian788',NULL),(2226,'caojian787','private','no',310,'2','123123','2015-09-05 15:24:05','caojian787',NULL),(2227,'caojian786','private','no',310,'2','123123','2015-09-05 15:24:05','caojian786',NULL),(2228,'caojian785','private','no',310,'2','123123','2015-09-05 15:24:05','caojian785',NULL),(2229,'caojian784','private','no',310,'2','123123','2015-09-05 15:24:05','caojian784',NULL),(2230,'caojian783','private','no',310,'2','123123','2015-09-05 15:24:05','caojian783',NULL),(2231,'caojian782','private','no',310,'2','123123','2015-09-05 15:24:05','caojian782',NULL),(2232,'caojian781','private','no',310,'2','123123','2015-09-05 15:24:05','caojian781',NULL),(2233,'caojian780','private','no',310,'2','123123','2015-09-05 15:24:05','caojian780',NULL),(2234,'caojian779','private','no',310,'2','123123','2015-09-05 15:24:05','caojian779',NULL),(2235,'caojian778','private','no',310,'2','123123','2015-09-05 15:24:05','caojian778',NULL),(2236,'caojian777','private','no',310,'2','123123','2015-09-05 15:24:05','caojian777',NULL),(2237,'caojian776','private','no',310,'2','123123','2015-09-05 15:24:05','caojian776',NULL),(2238,'caojian775','private','no',310,'2','123123','2015-09-05 15:24:05','caojian775',NULL),(2239,'caojian774','private','no',310,'2','123123','2015-09-05 15:24:05','caojian774',NULL),(2240,'caojian773','private','no',310,'2','123123','2015-09-05 15:24:05','caojian773',NULL),(2241,'caojian772','private','no',310,'2','123123','2015-09-05 15:24:05','caojian772',NULL),(2242,'caojian771','private','no',310,'2','123123','2015-09-05 15:24:05','caojian771',NULL),(2243,'caojian770','private','no',310,'2','123123','2015-09-05 15:24:05','caojian770',NULL),(2244,'caojian769','private','no',310,'2','123123','2015-09-05 15:24:05','caojian769',NULL),(2245,'caojian768','private','no',310,'2','123123','2015-09-05 15:24:05','caojian768',NULL),(2246,'caojian767','private','no',310,'2','123123','2015-09-05 15:24:05','caojian767',NULL),(2247,'caojian766','private','no',310,'2','123123','2015-09-05 15:24:05','caojian766',NULL),(2248,'caojian765','private','no',310,'2','123123','2015-09-05 15:24:05','caojian765',NULL),(2249,'caojian764','private','no',310,'2','123123','2015-09-05 15:24:05','caojian764',NULL),(2250,'caojian763','private','no',310,'2','123123','2015-09-05 15:24:05','caojian763',NULL),(2251,'caojian762','private','no',310,'2','123123','2015-09-05 15:24:05','caojian762',NULL),(2252,'caojian761','private','no',310,'2','123123','2015-09-05 15:24:05','caojian761',NULL),(2253,'caojian760','private','no',310,'2','123123','2015-09-05 15:24:05','caojian760',NULL),(2254,'caojian759','private','no',310,'2','123123','2015-09-05 15:24:05','caojian759',NULL),(2255,'caojian758','private','no',310,'2','123123','2015-09-05 15:24:05','caojian758',NULL),(2256,'caojian757','private','no',310,'2','123123','2015-09-05 15:24:05','caojian757',NULL),(2257,'caojian756','private','no',310,'2','123123','2015-09-05 15:24:05','caojian756',NULL),(2258,'caojian755','private','no',310,'2','123123','2015-09-05 15:24:05','caojian755',NULL),(2259,'caojian754','private','no',310,'2','123123','2015-09-05 15:24:05','caojian754',NULL),(2260,'caojian753','private','no',310,'2','123123','2015-09-05 15:24:05','caojian753',NULL),(2261,'caojian752','private','no',310,'2','123123','2015-09-05 15:24:05','caojian752',NULL),(2262,'caojian751','private','no',310,'2','123123','2015-09-05 15:24:05','caojian751',NULL),(2263,'caojian750','private','no',310,'2','123123','2015-09-05 15:24:05','caojian750',NULL),(2264,'caojian749','private','no',310,'2','123123','2015-09-05 15:24:05','caojian749',NULL),(2265,'caojian748','private','no',310,'2','123123','2015-09-05 15:24:05','caojian748',NULL),(2266,'caojian747','private','no',310,'2','123123','2015-09-05 15:24:05','caojian747',NULL),(2267,'caojian746','private','no',310,'2','123123','2015-09-05 15:24:05','caojian746',NULL),(2268,'caojian745','private','no',310,'2','123123','2015-09-05 15:24:05','caojian745',NULL),(2269,'caojian744','private','no',310,'2','123123','2015-09-05 15:24:05','caojian744',NULL),(2270,'caojian743','private','no',310,'2','123123','2015-09-05 15:24:05','caojian743',NULL),(2271,'caojian742','private','no',310,'2','123123','2015-09-05 15:24:05','caojian742',NULL),(2272,'caojian741','private','no',310,'2','123123','2015-09-05 15:24:05','caojian741',NULL),(2273,'caojian740','private','no',310,'2','123123','2015-09-05 15:24:05','caojian740',NULL),(2274,'caojian739','private','no',310,'2','123123','2015-09-05 15:24:05','caojian739',NULL),(2275,'caojian738','private','no',310,'2','123123','2015-09-05 15:24:05','caojian738',NULL),(2276,'caojian737','private','no',310,'2','123123','2015-09-05 15:24:05','caojian737',NULL),(2277,'caojian736','private','no',310,'2','123123','2015-09-05 15:24:05','caojian736',NULL),(2278,'caojian735','private','no',310,'2','123123','2015-09-05 15:24:05','caojian735',NULL),(2279,'caojian734','private','no',310,'2','123123','2015-09-05 15:24:05','caojian734',NULL),(2280,'caojian733','private','no',310,'2','123123','2015-09-05 15:24:05','caojian733',NULL),(2281,'caojian732','private','no',310,'2','123123','2015-09-05 15:24:05','caojian732',NULL),(2282,'caojian731','private','no',310,'2','123123','2015-09-05 15:24:05','caojian731',NULL),(2283,'caojian730','private','no',310,'2','123123','2015-09-05 15:24:05','caojian730',NULL),(2284,'caojian729','private','no',310,'2','123123','2015-09-05 15:24:05','caojian729',NULL),(2285,'caojian728','private','no',310,'2','123123','2015-09-05 15:24:05','caojian728',NULL),(2286,'caojian727','private','no',310,'2','123123','2015-09-05 15:24:05','caojian727',NULL),(2287,'caojian726','private','no',310,'2','123123','2015-09-05 15:24:05','caojian726',NULL),(2288,'caojian725','private','no',310,'2','123123','2015-09-05 15:24:05','caojian725',NULL),(2289,'caojian724','private','no',310,'2','123123','2015-09-05 15:24:05','caojian724',NULL),(2290,'caojian723','private','no',310,'2','123123','2015-09-05 15:24:05','caojian723',NULL),(2291,'caojian722','private','no',310,'2','123123','2015-09-05 15:24:05','caojian722',NULL),(2292,'caojian721','private','no',310,'2','123123','2015-09-05 15:24:05','caojian721',NULL),(2293,'caojian720','private','no',310,'2','123123','2015-09-05 15:24:05','caojian720',NULL),(2294,'caojian719','private','no',310,'2','123123','2015-09-05 15:24:05','caojian719',NULL),(2295,'caojian718','private','no',310,'2','123123','2015-09-05 15:24:05','caojian718',NULL),(2296,'caojian717','private','no',310,'2','123123','2015-09-05 15:24:05','caojian717',NULL),(2297,'caojian716','private','no',310,'2','123123','2015-09-05 15:24:05','caojian716',NULL),(2298,'caojian715','private','no',310,'2','123123','2015-09-05 15:24:05','caojian715',NULL),(2299,'caojian714','private','no',310,'2','123123','2015-09-05 15:24:05','caojian714',NULL),(2300,'caojian713','private','no',310,'2','123123','2015-09-05 15:24:05','caojian713',NULL),(2301,'caojian712','private','no',310,'2','123123','2015-09-05 15:24:05','caojian712',NULL),(2302,'caojian711','private','no',310,'2','123123','2015-09-05 15:24:05','caojian711',NULL),(2303,'caojian710','private','no',310,'2','123123','2015-09-05 15:24:05','caojian710',NULL),(2304,'caojian709','private','no',310,'2','123123','2015-09-05 15:24:05','caojian709',NULL),(2305,'caojian708','private','no',310,'2','123123','2015-09-05 15:24:05','caojian708',NULL),(2306,'caojian707','private','no',310,'2','123123','2015-09-05 15:24:05','caojian707',NULL),(2307,'caojian706','private','no',310,'2','123123','2015-09-05 15:24:05','caojian706',NULL),(2308,'caojian705','private','no',310,'2','123123','2015-09-05 15:24:05','caojian705',NULL),(2309,'caojian704','private','no',310,'2','123123','2015-09-05 15:24:05','caojian704',NULL),(2310,'caojian703','private','no',310,'2','123123','2015-09-05 15:24:05','caojian703',NULL),(2311,'caojian702','private','no',310,'2','123123','2015-09-05 15:24:05','caojian702',NULL),(2312,'caojian701','private','no',310,'2','123123','2015-09-05 15:24:05','caojian701',NULL),(2313,'caojian700','private','no',310,'2','123123','2015-09-05 15:24:05','caojian700',NULL),(2314,'caojian699','private','no',310,'2','123123','2015-09-05 15:24:05','caojian699',NULL),(2315,'caojian698','private','no',310,'2','123123','2015-09-05 15:24:05','caojian698',NULL),(2316,'caojian697','private','no',310,'2','123123','2015-09-05 15:24:05','caojian697',NULL),(2317,'caojian696','private','no',310,'2','123123','2015-09-05 15:24:05','caojian696',NULL),(2318,'caojian695','private','no',310,'2','123123','2015-09-05 15:24:05','caojian695',NULL),(2319,'caojian694','private','no',310,'2','123123','2015-09-05 15:24:05','caojian694',NULL),(2320,'caojian693','private','no',310,'2','123123','2015-09-05 15:24:05','caojian693',NULL),(2321,'caojian692','private','no',310,'2','123123','2015-09-05 15:24:05','caojian692',NULL),(2322,'caojian691','private','no',310,'2','123123','2015-09-05 15:24:05','caojian691',NULL),(2323,'caojian690','private','no',310,'2','123123','2015-09-05 15:24:05','caojian690',NULL),(2324,'caojian689','private','no',310,'2','123123','2015-09-05 15:24:05','caojian689',NULL),(2325,'caojian688','private','no',310,'2','123123','2015-09-05 15:24:05','caojian688',NULL),(2326,'caojian687','private','no',310,'2','123123','2015-09-05 15:24:05','caojian687',NULL),(2327,'caojian686','private','no',310,'2','123123','2015-09-05 15:24:05','caojian686',NULL),(2328,'caojian685','private','no',310,'2','123123','2015-09-05 15:24:05','caojian685',NULL),(2329,'caojian684','private','no',310,'2','123123','2015-09-05 15:24:05','caojian684',NULL),(2330,'caojian683','private','no',310,'2','123123','2015-09-05 15:24:05','caojian683',NULL),(2331,'caojian682','private','no',310,'2','123123','2015-09-05 15:24:05','caojian682',NULL),(2332,'caojian681','private','no',310,'2','123123','2015-09-05 15:24:05','caojian681',NULL),(2333,'caojian680','private','no',310,'2','123123','2015-09-05 15:24:05','caojian680',NULL),(2334,'caojian679','private','no',310,'2','123123','2015-09-05 15:24:05','caojian679',NULL),(2335,'caojian678','private','no',310,'2','123123','2015-09-05 15:24:05','caojian678',NULL),(2336,'caojian677','private','no',310,'2','123123','2015-09-05 15:24:05','caojian677',NULL),(2337,'caojian676','private','no',310,'2','123123','2015-09-05 15:24:05','caojian676',NULL),(2338,'caojian675','private','no',310,'2','123123','2015-09-05 15:24:05','caojian675',NULL),(2339,'caojian674','private','no',310,'2','123123','2015-09-05 15:24:05','caojian674',NULL),(2340,'caojian673','private','no',310,'2','123123','2015-09-05 15:24:05','caojian673',NULL),(2341,'caojian672','private','no',310,'2','123123','2015-09-05 15:24:05','caojian672',NULL),(2342,'caojian671','private','no',310,'2','123123','2015-09-05 15:24:05','caojian671',NULL),(2343,'caojian670','private','no',310,'2','123123','2015-09-05 15:24:05','caojian670',NULL),(2344,'caojian669','private','no',310,'2','123123','2015-09-05 15:24:05','caojian669',NULL),(2345,'caojian668','private','no',310,'2','123123','2015-09-05 15:24:05','caojian668',NULL),(2346,'caojian667','private','no',310,'2','123123','2015-09-05 15:24:05','caojian667',NULL),(2347,'caojian666','private','no',310,'2','123123','2015-09-05 15:24:05','caojian666',NULL),(2348,'caojian665','private','no',310,'2','123123','2015-09-05 15:24:05','caojian665',NULL),(2349,'caojian664','private','no',310,'2','123123','2015-09-05 15:24:05','caojian664',NULL),(2350,'caojian663','private','no',310,'2','123123','2015-09-05 15:24:05','caojian663',NULL),(2351,'caojian662','private','no',310,'2','123123','2015-09-05 15:24:05','caojian662',NULL),(2352,'caojian661','private','no',310,'2','123123','2015-09-05 15:24:05','caojian661',NULL),(2353,'caojian660','private','no',310,'2','123123','2015-09-05 15:24:05','caojian660',NULL),(2354,'caojian659','private','no',310,'2','123123','2015-09-05 15:24:05','caojian659',NULL),(2355,'caojian658','private','no',310,'2','123123','2015-09-05 15:24:05','caojian658',NULL),(2356,'caojian657','private','no',310,'2','123123','2015-09-05 15:24:05','caojian657',NULL),(2357,'caojian656','private','no',310,'2','123123','2015-09-05 15:24:05','caojian656',NULL),(2358,'caojian655','private','no',310,'2','123123','2015-09-05 15:24:05','caojian655',NULL),(2359,'caojian654','private','no',310,'2','123123','2015-09-05 15:24:05','caojian654',NULL),(2360,'caojian653','private','no',310,'2','123123','2015-09-05 15:24:05','caojian653',NULL),(2361,'caojian652','private','no',310,'2','123123','2015-09-05 15:24:05','caojian652',NULL),(2362,'caojian651','private','no',310,'2','123123','2015-09-05 15:24:05','caojian651',NULL),(2363,'caojian650','private','no',310,'2','123123','2015-09-05 15:24:05','caojian650',NULL),(2364,'caojian649','private','no',310,'2','123123','2015-09-05 15:24:05','caojian649',NULL),(2365,'caojian648','private','no',310,'2','123123','2015-09-05 15:24:05','caojian648',NULL),(2366,'caojian647','private','no',310,'2','123123','2015-09-05 15:24:05','caojian647',NULL),(2367,'caojian646','private','no',310,'2','123123','2015-09-05 15:24:05','caojian646',NULL),(2368,'caojian645','private','no',310,'2','123123','2015-09-05 15:24:05','caojian645',NULL),(2369,'caojian644','private','no',310,'2','123123','2015-09-05 15:24:05','caojian644',NULL),(2370,'caojian643','private','no',310,'2','123123','2015-09-05 15:24:05','caojian643',NULL),(2371,'caojian642','private','no',310,'2','123123','2015-09-05 15:24:05','caojian642',NULL),(2372,'caojian641','private','no',310,'2','123123','2015-09-05 15:24:05','caojian641',NULL),(2373,'caojian640','private','no',310,'2','123123','2015-09-05 15:24:05','caojian640',NULL),(2374,'caojian639','private','no',310,'2','123123','2015-09-05 15:24:05','caojian639',NULL),(2375,'caojian638','private','no',310,'2','123123','2015-09-05 15:24:05','caojian638',NULL),(2376,'caojian637','private','no',310,'2','123123','2015-09-05 15:24:05','caojian637',NULL),(2377,'caojian636','private','no',310,'2','123123','2015-09-05 15:24:05','caojian636',NULL),(2378,'caojian635','private','no',310,'2','123123','2015-09-05 15:24:05','caojian635',NULL),(2379,'caojian634','private','no',310,'2','123123','2015-09-05 15:24:05','caojian634',NULL),(2380,'caojian633','private','no',310,'2','123123','2015-09-05 15:24:05','caojian633',NULL),(2381,'caojian632','private','no',310,'2','123123','2015-09-05 15:24:05','caojian632',NULL),(2382,'caojian631','private','no',310,'2','123123','2015-09-05 15:24:05','caojian631',NULL),(2383,'caojian630','private','no',310,'2','123123','2015-09-05 15:24:05','caojian630',NULL),(2384,'caojian629','private','no',310,'2','123123','2015-09-05 15:24:05','caojian629',NULL),(2385,'caojian628','private','no',310,'2','123123','2015-09-05 15:24:05','caojian628',NULL),(2386,'caojian627','private','no',310,'2','123123','2015-09-05 15:24:05','caojian627',NULL),(2387,'caojian626','private','no',310,'2','123123','2015-09-05 15:24:05','caojian626',NULL),(2388,'caojian625','private','no',310,'2','123123','2015-09-05 15:24:05','caojian625',NULL),(2389,'caojian624','private','no',310,'2','123123','2015-09-05 15:24:05','caojian624',NULL),(2390,'caojian623','private','no',310,'2','123123','2015-09-05 15:24:05','caojian623',NULL),(2391,'caojian622','private','no',310,'2','123123','2015-09-05 15:24:05','caojian622',NULL),(2392,'caojian621','private','no',310,'2','123123','2015-09-05 15:24:05','caojian621',NULL),(2393,'caojian620','private','no',310,'2','123123','2015-09-05 15:24:05','caojian620',NULL),(2394,'caojian619','private','no',310,'2','123123','2015-09-05 15:24:05','caojian619',NULL),(2395,'caojian618','private','no',310,'2','123123','2015-09-05 15:24:05','caojian618',NULL),(2396,'caojian617','private','no',310,'2','123123','2015-09-05 15:24:05','caojian617',NULL),(2397,'caojian616','private','no',310,'2','123123','2015-09-05 15:24:05','caojian616',NULL),(2398,'caojian615','private','no',310,'2','123123','2015-09-05 15:24:05','caojian615',NULL),(2399,'caojian614','private','no',310,'2','123123','2015-09-05 15:24:05','caojian614',NULL),(2400,'caojian613','private','no',310,'2','123123','2015-09-05 15:24:05','caojian613',NULL),(2401,'caojian612','private','no',310,'2','123123','2015-09-05 15:24:05','caojian612',NULL),(2402,'caojian611','private','no',310,'2','123123','2015-09-05 15:24:05','caojian611',NULL),(2403,'caojian610','private','no',310,'2','123123','2015-09-05 15:24:05','caojian610',NULL),(2404,'caojian609','private','no',310,'2','123123','2015-09-05 15:24:05','caojian609',NULL),(2405,'caojian608','private','no',310,'2','123123','2015-09-05 15:24:05','caojian608',NULL),(2406,'caojian607','private','no',310,'2','123123','2015-09-05 15:24:05','caojian607',NULL),(2407,'caojian606','private','no',310,'2','123123','2015-09-05 15:24:05','caojian606',NULL),(2408,'caojian605','private','no',310,'2','123123','2015-09-05 15:24:05','caojian605',NULL),(2409,'caojian604','private','no',310,'2','123123','2015-09-05 15:24:05','caojian604',NULL),(2410,'caojian603','private','no',310,'2','123123','2015-09-05 15:24:05','caojian603',NULL),(2411,'caojian602','private','no',310,'2','123123','2015-09-05 15:24:05','caojian602',NULL),(2412,'caojian601','private','no',310,'2','123123','2015-09-05 15:24:05','caojian601',NULL),(2413,'caojian600','private','no',310,'2','123123','2015-09-05 15:24:05','caojian600',NULL),(2414,'caojian599','private','no',310,'2','123123','2015-09-05 15:24:05','caojian599',NULL),(2415,'caojian598','private','no',310,'2','123123','2015-09-05 15:24:05','caojian598',NULL),(2416,'caojian597','private','no',310,'2','123123','2015-09-05 15:24:05','caojian597',NULL),(2417,'caojian596','private','no',310,'2','123123','2015-09-05 15:24:05','caojian596',NULL),(2418,'caojian595','private','no',310,'2','123123','2015-09-05 15:24:05','caojian595',NULL),(2419,'caojian594','private','no',310,'2','123123','2015-09-05 15:24:05','caojian594',NULL),(2420,'caojian593','private','no',310,'2','123123','2015-09-05 15:24:05','caojian593',NULL),(2421,'caojian592','private','no',310,'2','123123','2015-09-05 15:24:05','caojian592',NULL),(2422,'caojian591','private','no',310,'2','123123','2015-09-05 15:24:05','caojian591',NULL),(2423,'caojian590','private','no',310,'2','123123','2015-09-05 15:24:05','caojian590',NULL),(2424,'caojian589','private','no',310,'2','123123','2015-09-05 15:24:05','caojian589',NULL),(2425,'caojian588','private','no',310,'2','123123','2015-09-05 15:24:05','caojian588',NULL),(2426,'caojian587','private','no',310,'2','123123','2015-09-05 15:24:05','caojian587',NULL),(2427,'caojian586','private','no',310,'2','123123','2015-09-05 15:24:05','caojian586',NULL),(2428,'caojian585','private','no',310,'2','123123','2015-09-05 15:24:05','caojian585',NULL),(2429,'caojian584','private','no',310,'2','123123','2015-09-05 15:24:05','caojian584',NULL),(2430,'caojian583','private','no',310,'2','123123','2015-09-05 15:24:05','caojian583',NULL),(2431,'caojian582','private','no',310,'2','123123','2015-09-05 15:24:05','caojian582',NULL),(2432,'caojian581','private','no',310,'2','123123','2015-09-05 15:24:05','caojian581',NULL),(2433,'caojian580','private','no',310,'2','123123','2015-09-05 15:24:05','caojian580',NULL),(2434,'caojian579','private','no',310,'2','123123','2015-09-05 15:24:05','caojian579',NULL),(2435,'caojian578','private','no',310,'2','123123','2015-09-05 15:24:05','caojian578',NULL),(2436,'caojian577','private','no',310,'2','123123','2015-09-05 15:24:05','caojian577',NULL),(2437,'caojian576','private','no',310,'2','123123','2015-09-05 15:24:05','caojian576',NULL),(2438,'caojian575','private','no',310,'2','123123','2015-09-05 15:24:05','caojian575',NULL),(2439,'caojian574','private','no',310,'2','123123','2015-09-05 15:24:05','caojian574',NULL),(2440,'caojian573','private','no',310,'2','123123','2015-09-05 15:24:05','caojian573',NULL),(2441,'caojian572','private','no',310,'2','123123','2015-09-05 15:24:05','caojian572',NULL),(2442,'caojian571','private','no',310,'2','123123','2015-09-05 15:24:05','caojian571',NULL),(2443,'caojian570','private','no',310,'2','123123','2015-09-05 15:24:05','caojian570',NULL),(2444,'caojian569','private','no',310,'2','123123','2015-09-05 15:24:05','caojian569',NULL),(2445,'caojian568','private','no',310,'2','123123','2015-09-05 15:24:05','caojian568',NULL),(2446,'caojian567','private','no',310,'2','123123','2015-09-05 15:24:05','caojian567',NULL),(2447,'caojian566','private','no',310,'2','123123','2015-09-05 15:24:05','caojian566',NULL),(2448,'caojian565','private','no',310,'2','123123','2015-09-05 15:24:05','caojian565',NULL),(2449,'caojian564','private','no',310,'2','123123','2015-09-05 15:24:05','caojian564',NULL),(2450,'caojian563','private','no',310,'2','123123','2015-09-05 15:24:05','caojian563',NULL),(2451,'caojian562','private','no',310,'2','123123','2015-09-05 15:24:05','caojian562',NULL),(2452,'caojian561','private','no',310,'2','123123','2015-09-05 15:24:05','caojian561',NULL),(2453,'caojian560','private','no',310,'2','123123','2015-09-05 15:24:05','caojian560',NULL),(2454,'caojian559','private','no',310,'2','123123','2015-09-05 15:24:05','caojian559',NULL),(2455,'caojian558','private','no',310,'2','123123','2015-09-05 15:24:05','caojian558',NULL),(2456,'caojian557','private','no',310,'2','123123','2015-09-05 15:24:05','caojian557',NULL),(2457,'caojian556','private','no',310,'2','123123','2015-09-05 15:24:05','caojian556',NULL),(2458,'caojian555','private','no',310,'2','123123','2015-09-05 15:24:05','caojian555',NULL),(2459,'caojian554','private','no',310,'2','123123','2015-09-05 15:24:05','caojian554',NULL),(2460,'caojian553','private','no',310,'2','123123','2015-09-05 15:24:05','caojian553',NULL),(2461,'caojian552','private','no',310,'2','123123','2015-09-05 15:24:05','caojian552',NULL),(2462,'caojian551','private','no',310,'2','123123','2015-09-05 15:24:05','caojian551',NULL),(2463,'caojian550','private','no',310,'2','123123','2015-09-05 15:24:05','caojian550',NULL),(2464,'caojian549','private','no',310,'2','123123','2015-09-05 15:24:05','caojian549',NULL),(2465,'caojian548','private','no',310,'2','123123','2015-09-05 15:24:05','caojian548',NULL),(2466,'caojian547','private','no',310,'2','123123','2015-09-05 15:24:05','caojian547',NULL),(2467,'caojian546','private','no',310,'2','123123','2015-09-05 15:24:05','caojian546',NULL),(2468,'caojian545','private','no',310,'2','123123','2015-09-05 15:24:05','caojian545',NULL),(2469,'caojian544','private','no',310,'2','123123','2015-09-05 15:24:05','caojian544',NULL),(2470,'caojian543','private','no',310,'2','123123','2015-09-05 15:24:05','caojian543',NULL),(2471,'caojian542','private','no',310,'2','123123','2015-09-05 15:24:05','caojian542',NULL),(2472,'caojian541','private','no',310,'2','123123','2015-09-05 15:24:05','caojian541',NULL),(2473,'caojian540','private','no',310,'2','123123','2015-09-05 15:24:05','caojian540',NULL),(2474,'caojian539','private','no',310,'2','123123','2015-09-05 15:24:05','caojian539',NULL),(2475,'caojian538','private','no',310,'2','123123','2015-09-05 15:24:05','caojian538',NULL),(2476,'caojian537','private','no',310,'2','123123','2015-09-05 15:24:05','caojian537',NULL),(2477,'caojian536','private','no',310,'2','123123','2015-09-05 15:24:05','caojian536',NULL),(2478,'caojian535','private','no',310,'2','123123','2015-09-05 15:24:05','caojian535',NULL),(2479,'caojian534','private','no',310,'2','123123','2015-09-05 15:24:05','caojian534',NULL),(2480,'caojian533','private','no',310,'2','123123','2015-09-05 15:24:05','caojian533',NULL),(2481,'caojian532','private','no',310,'2','123123','2015-09-05 15:24:05','caojian532',NULL),(2482,'caojian531','private','no',310,'2','123123','2015-09-05 15:24:05','caojian531',NULL),(2483,'caojian530','private','no',310,'2','123123','2015-09-05 15:24:05','caojian530',NULL),(2484,'caojian529','private','no',310,'2','123123','2015-09-05 15:24:05','caojian529',NULL),(2485,'caojian528','private','no',310,'2','123123','2015-09-05 15:24:05','caojian528',NULL),(2486,'caojian527','private','no',310,'2','123123','2015-09-05 15:24:05','caojian527',NULL),(2487,'caojian526','private','no',310,'2','123123','2015-09-05 15:24:05','caojian526',NULL),(2488,'caojian525','private','no',310,'2','123123','2015-09-05 15:24:05','caojian525',NULL),(2489,'caojian524','private','no',310,'2','123123','2015-09-05 15:24:05','caojian524',NULL),(2490,'caojian523','private','no',310,'2','123123','2015-09-05 15:24:05','caojian523',NULL),(2491,'caojian522','private','no',310,'2','123123','2015-09-05 15:24:05','caojian522',NULL),(2492,'caojian521','private','no',310,'2','123123','2015-09-05 15:24:05','caojian521',NULL),(2493,'caojian520','private','no',310,'2','123123','2015-09-05 15:24:05','caojian520',NULL),(2494,'caojian519','private','no',310,'2','123123','2015-09-05 15:24:05','caojian519',NULL),(2495,'caojian518','private','no',310,'2','123123','2015-09-05 15:24:05','caojian518',NULL),(2496,'caojian517','private','no',310,'2','123123','2015-09-05 15:24:05','caojian517',NULL),(2497,'caojian516','private','no',310,'2','123123','2015-09-05 15:24:05','caojian516',NULL),(2498,'caojian515','private','no',310,'2','123123','2015-09-05 15:24:05','caojian515',NULL),(2499,'caojian514','private','no',310,'2','123123','2015-09-05 15:24:05','caojian514',NULL),(2500,'caojian513','private','no',310,'2','123123','2015-09-05 15:24:05','caojian513',NULL),(2501,'caojian512','private','no',310,'2','123123','2015-09-05 15:24:05','caojian512',NULL),(2502,'caojian511','private','no',310,'2','123123','2015-09-05 15:24:05','caojian511',NULL),(2503,'caojian510','private','no',310,'2','123123','2015-09-05 15:24:05','caojian510',NULL),(2504,'caojian509','private','no',310,'2','123123','2015-09-05 15:24:05','caojian509',NULL),(2505,'caojian508','private','no',310,'2','123123','2015-09-05 15:24:05','caojian508',NULL),(2506,'caojian507','private','no',310,'2','123123','2015-09-05 15:24:05','caojian507',NULL),(2507,'caojian506','private','no',310,'2','123123','2015-09-05 15:24:05','caojian506',NULL),(2508,'caojian505','private','no',310,'2','123123','2015-09-05 15:24:05','caojian505',NULL),(2509,'caojian504','private','no',310,'2','123123','2015-09-05 15:24:05','caojian504',NULL),(2510,'caojian503','private','no',310,'2','123123','2015-09-05 15:24:05','caojian503',NULL),(2511,'caojian502','private','no',310,'2','123123','2015-09-05 15:24:05','caojian502',NULL),(2512,'caojian501','private','no',310,'2','123123','2015-09-05 15:24:05','caojian501',NULL),(2513,'caojian500','private','no',310,'2','123123','2015-09-05 15:24:05','caojian500',NULL),(2514,'caojian499','private','no',310,'2','123123','2015-09-05 15:24:05','caojian499',NULL),(2515,'caojian498','private','no',310,'2','123123','2015-09-05 15:24:05','caojian498',NULL),(2516,'caojian497','private','no',310,'2','123123','2015-09-05 15:24:05','caojian497',NULL),(2517,'caojian496','private','no',310,'2','123123','2015-09-05 15:24:05','caojian496',NULL),(2518,'caojian495','private','no',310,'2','123123','2015-09-05 15:24:05','caojian495',NULL),(2519,'caojian494','private','no',310,'2','123123','2015-09-05 15:24:05','caojian494',NULL),(2520,'caojian493','private','no',310,'2','123123','2015-09-05 15:24:05','caojian493',NULL),(2521,'caojian492','private','no',310,'2','123123','2015-09-05 15:24:05','caojian492',NULL),(2522,'caojian491','private','no',310,'2','123123','2015-09-05 15:24:05','caojian491',NULL),(2523,'caojian490','private','no',310,'2','123123','2015-09-05 15:24:05','caojian490',NULL),(2524,'caojian489','private','no',310,'2','123123','2015-09-05 15:24:05','caojian489',NULL),(2525,'caojian488','private','no',310,'2','123123','2015-09-05 15:24:05','caojian488',NULL),(2526,'caojian487','private','no',310,'2','123123','2015-09-05 15:24:05','caojian487',NULL),(2527,'caojian486','private','no',310,'2','123123','2015-09-05 15:24:05','caojian486',NULL),(2528,'caojian485','private','no',310,'2','123123','2015-09-05 15:24:05','caojian485',NULL),(2529,'caojian484','private','no',310,'2','123123','2015-09-05 15:24:05','caojian484',NULL),(2530,'caojian483','private','no',310,'2','123123','2015-09-05 15:24:05','caojian483',NULL),(2531,'caojian482','private','no',310,'2','123123','2015-09-05 15:24:05','caojian482',NULL),(2532,'caojian481','private','no',310,'2','123123','2015-09-05 15:24:05','caojian481',NULL),(2533,'caojian480','private','no',310,'2','123123','2015-09-05 15:24:05','caojian480',NULL),(2534,'caojian479','private','no',310,'2','123123','2015-09-05 15:24:05','caojian479',NULL),(2535,'caojian478','private','no',310,'2','123123','2015-09-05 15:24:05','caojian478',NULL),(2536,'caojian477','private','no',310,'2','123123','2015-09-05 15:24:05','caojian477',NULL),(2537,'caojian476','private','no',310,'2','123123','2015-09-05 15:24:05','caojian476',NULL),(2538,'caojian475','private','no',310,'2','123123','2015-09-05 15:24:05','caojian475',NULL),(2539,'caojian474','private','no',310,'2','123123','2015-09-05 15:24:05','caojian474',NULL),(2540,'caojian473','private','no',310,'2','123123','2015-09-05 15:24:05','caojian473',NULL),(2541,'caojian472','private','no',310,'2','123123','2015-09-05 15:24:05','caojian472',NULL),(2542,'caojian471','private','no',310,'2','123123','2015-09-05 15:24:05','caojian471',NULL),(2543,'caojian470','private','no',310,'2','123123','2015-09-05 15:24:05','caojian470',NULL),(2544,'caojian469','private','no',310,'2','123123','2015-09-05 15:24:05','caojian469',NULL),(2545,'caojian468','private','no',310,'2','123123','2015-09-05 15:24:05','caojian468',NULL),(2546,'caojian467','private','no',310,'2','123123','2015-09-05 15:24:05','caojian467',NULL),(2547,'caojian466','private','no',310,'2','123123','2015-09-05 15:24:05','caojian466',NULL),(2548,'caojian465','private','no',310,'2','123123','2015-09-05 15:24:05','caojian465',NULL),(2549,'caojian464','private','no',310,'2','123123','2015-09-05 15:24:05','caojian464',NULL),(2550,'caojian463','private','no',310,'2','123123','2015-09-05 15:24:05','caojian463',NULL),(2551,'caojian462','private','no',310,'2','123123','2015-09-05 15:24:05','caojian462',NULL),(2552,'caojian461','private','no',310,'2','123123','2015-09-05 15:24:05','caojian461',NULL),(2553,'caojian460','private','no',310,'2','123123','2015-09-05 15:24:05','caojian460',NULL),(2554,'caojian459','private','no',310,'2','123123','2015-09-05 15:24:05','caojian459',NULL),(2555,'caojian458','private','no',310,'2','123123','2015-09-05 15:24:05','caojian458',NULL),(2556,'caojian457','private','no',310,'2','123123','2015-09-05 15:24:05','caojian457',NULL),(2557,'caojian456','private','no',310,'2','123123','2015-09-05 15:24:05','caojian456',NULL),(2558,'caojian455','private','no',310,'2','123123','2015-09-05 15:24:05','caojian455',NULL),(2559,'caojian454','private','no',310,'2','123123','2015-09-05 15:24:05','caojian454',NULL),(2560,'caojian453','private','no',310,'2','123123','2015-09-05 15:24:05','caojian453',NULL),(2561,'caojian452','private','no',310,'2','123123','2015-09-05 15:24:05','caojian452',NULL),(2562,'caojian451','private','no',310,'2','123123','2015-09-05 15:24:05','caojian451',NULL),(2563,'caojian450','private','no',310,'2','123123','2015-09-05 15:24:05','caojian450',NULL),(2564,'caojian449','private','no',310,'2','123123','2015-09-05 15:24:05','caojian449',NULL),(2565,'caojian448','private','no',310,'2','123123','2015-09-05 15:24:05','caojian448',NULL),(2566,'caojian447','private','no',310,'2','123123','2015-09-05 15:24:05','caojian447',NULL),(2567,'caojian446','private','no',310,'2','123123','2015-09-05 15:24:05','caojian446',NULL),(2568,'caojian445','private','no',310,'2','123123','2015-09-05 15:24:05','caojian445',NULL),(2569,'caojian444','private','no',310,'2','123123','2015-09-05 15:24:05','caojian444',NULL),(2570,'caojian443','private','no',310,'2','123123','2015-09-05 15:24:05','caojian443',NULL),(2571,'caojian442','private','no',310,'2','123123','2015-09-05 15:24:05','caojian442',NULL),(2572,'caojian441','private','no',310,'2','123123','2015-09-05 15:24:05','caojian441',NULL),(2573,'caojian440','private','no',310,'2','123123','2015-09-05 15:24:05','caojian440',NULL),(2574,'caojian439','private','no',310,'2','123123','2015-09-05 15:24:05','caojian439',NULL),(2575,'caojian438','private','no',310,'2','123123','2015-09-05 15:24:05','caojian438',NULL),(2576,'caojian437','private','no',310,'2','123123','2015-09-05 15:24:05','caojian437',NULL),(2577,'caojian436','private','no',310,'2','123123','2015-09-05 15:24:05','caojian436',NULL),(2578,'caojian435','private','no',310,'2','123123','2015-09-05 15:24:05','caojian435',NULL),(2579,'caojian434','private','no',310,'2','123123','2015-09-05 15:24:05','caojian434',NULL),(2580,'caojian433','private','no',310,'2','123123','2015-09-05 15:24:05','caojian433',NULL),(2581,'caojian432','private','no',310,'2','123123','2015-09-05 15:24:05','caojian432',NULL),(2582,'caojian431','private','no',310,'2','123123','2015-09-05 15:24:05','caojian431',NULL),(2583,'caojian430','private','no',310,'2','123123','2015-09-05 15:24:05','caojian430',NULL),(2584,'caojian429','private','no',310,'2','123123','2015-09-05 15:24:05','caojian429',NULL),(2585,'caojian428','private','no',310,'2','123123','2015-09-05 15:24:05','caojian428',NULL),(2586,'caojian427','private','no',310,'2','123123','2015-09-05 15:24:05','caojian427',NULL),(2587,'caojian426','private','no',310,'2','123123','2015-09-05 15:24:05','caojian426',NULL),(2588,'caojian425','private','no',310,'2','123123','2015-09-05 15:24:05','caojian425',NULL),(2589,'caojian424','private','no',310,'2','123123','2015-09-05 15:24:05','caojian424',NULL),(2590,'caojian423','private','no',310,'2','123123','2015-09-05 15:24:05','caojian423',NULL),(2591,'caojian422','private','no',310,'2','123123','2015-09-05 15:24:05','caojian422',NULL),(2592,'caojian421','private','no',310,'2','123123','2015-09-05 15:24:05','caojian421',NULL),(2593,'caojian420','private','no',310,'2','123123','2015-09-05 15:24:05','caojian420',NULL),(2594,'caojian419','private','no',310,'2','123123','2015-09-05 15:24:05','caojian419',NULL),(2595,'caojian418','private','no',310,'2','123123','2015-09-05 15:24:05','caojian418',NULL),(2596,'caojian417','private','no',310,'2','123123','2015-09-05 15:24:05','caojian417',NULL),(2597,'caojian416','private','no',310,'2','123123','2015-09-05 15:24:05','caojian416',NULL),(2598,'caojian415','private','no',310,'2','123123','2015-09-05 15:24:05','caojian415',NULL),(2599,'caojian414','private','no',310,'2','123123','2015-09-05 15:24:05','caojian414',NULL),(2600,'caojian413','private','no',310,'2','123123','2015-09-05 15:24:05','caojian413',NULL),(2601,'caojian412','private','no',310,'2','123123','2015-09-05 15:24:05','caojian412',NULL),(2602,'caojian411','private','no',310,'2','123123','2015-09-05 15:24:05','caojian411',NULL),(2603,'caojian410','private','no',310,'2','123123','2015-09-05 15:24:05','caojian410',NULL),(2604,'caojian409','private','no',310,'2','123123','2015-09-05 15:24:05','caojian409',NULL),(2605,'caojian408','private','no',310,'2','123123','2015-09-05 15:24:05','caojian408',NULL),(2606,'caojian407','private','no',310,'2','123123','2015-09-05 15:24:05','caojian407',NULL),(2607,'caojian406','private','no',310,'2','123123','2015-09-05 15:24:05','caojian406',NULL),(2608,'caojian405','private','no',310,'2','123123','2015-09-05 15:24:05','caojian405',NULL),(2609,'caojian404','private','no',310,'2','123123','2015-09-05 15:24:05','caojian404',NULL),(2610,'caojian403','private','no',310,'2','123123','2015-09-05 15:24:05','caojian403',NULL),(2611,'caojian402','private','no',310,'2','123123','2015-09-05 15:24:05','caojian402',NULL),(2612,'caojian401','private','no',310,'2','123123','2015-09-05 15:24:05','caojian401',NULL),(2613,'caojian400','private','no',310,'2','123123','2015-09-05 15:24:05','caojian400',NULL),(2614,'caojian399','private','no',310,'2','123123','2015-09-05 15:24:05','caojian399',NULL),(2615,'caojian398','private','no',310,'2','123123','2015-09-05 15:24:05','caojian398',NULL),(2616,'caojian397','private','no',310,'2','123123','2015-09-05 15:24:05','caojian397',NULL),(2617,'caojian396','private','no',310,'2','123123','2015-09-05 15:24:05','caojian396',NULL),(2618,'caojian395','private','no',310,'2','123123','2015-09-05 15:24:05','caojian395',NULL),(2619,'caojian394','private','no',310,'2','123123','2015-09-05 15:24:05','caojian394',NULL),(2620,'caojian393','private','no',310,'2','123123','2015-09-05 15:24:05','caojian393',NULL),(2621,'caojian392','private','no',310,'2','123123','2015-09-05 15:24:05','caojian392',NULL),(2622,'caojian391','private','no',310,'2','123123','2015-09-05 15:24:05','caojian391',NULL),(2623,'caojian390','private','no',310,'2','123123','2015-09-05 15:24:05','caojian390',NULL),(2624,'caojian389','private','no',310,'2','123123','2015-09-05 15:24:05','caojian389',NULL),(2625,'caojian388','private','no',310,'2','123123','2015-09-05 15:24:05','caojian388',NULL),(2626,'caojian387','private','no',310,'2','123123','2015-09-05 15:24:05','caojian387',NULL),(2627,'caojian386','private','no',310,'2','123123','2015-09-05 15:24:05','caojian386',NULL),(2628,'caojian385','private','no',310,'2','123123','2015-09-05 15:24:05','caojian385',NULL),(2629,'caojian384','private','no',310,'2','123123','2015-09-05 15:24:05','caojian384',NULL),(2630,'caojian383','private','no',310,'2','123123','2015-09-05 15:24:05','caojian383',NULL),(2631,'caojian382','private','no',310,'2','123123','2015-09-05 15:24:05','caojian382',NULL),(2632,'caojian381','private','no',310,'2','123123','2015-09-05 15:24:05','caojian381',NULL),(2633,'caojian380','private','no',310,'2','123123','2015-09-05 15:24:05','caojian380',NULL),(2634,'caojian379','private','no',310,'2','123123','2015-09-05 15:24:05','caojian379',NULL),(2635,'caojian378','private','no',310,'2','123123','2015-09-05 15:24:05','caojian378',NULL),(2636,'caojian377','private','no',310,'2','123123','2015-09-05 15:24:05','caojian377',NULL),(2637,'caojian376','private','no',310,'2','123123','2015-09-05 15:24:05','caojian376',NULL),(2638,'caojian375','private','no',310,'2','123123','2015-09-05 15:24:05','caojian375',NULL),(2639,'caojian374','private','no',310,'2','123123','2015-09-05 15:24:05','caojian374',NULL),(2640,'caojian373','private','no',310,'2','123123','2015-09-05 15:24:05','caojian373',NULL),(2641,'caojian372','private','no',310,'2','123123','2015-09-05 15:24:05','caojian372',NULL),(2642,'caojian371','private','no',310,'2','123123','2015-09-05 15:24:05','caojian371',NULL),(2643,'caojian370','private','no',310,'2','123123','2015-09-05 15:24:05','caojian370',NULL),(2644,'caojian369','private','no',310,'2','123123','2015-09-05 15:24:05','caojian369',NULL),(2645,'caojian368','private','no',310,'2','123123','2015-09-05 15:24:05','caojian368',NULL),(2646,'caojian367','private','no',310,'2','123123','2015-09-05 15:24:05','caojian367',NULL),(2647,'caojian366','private','no',310,'2','123123','2015-09-05 15:24:05','caojian366',NULL),(2648,'caojian365','private','no',310,'2','123123','2015-09-05 15:24:05','caojian365',NULL),(2649,'caojian364','private','no',310,'2','123123','2015-09-05 15:24:05','caojian364',NULL),(2650,'caojian363','private','no',310,'2','123123','2015-09-05 15:24:05','caojian363',NULL),(2651,'caojian362','private','no',310,'2','123123','2015-09-05 15:24:05','caojian362',NULL),(2652,'caojian361','private','no',310,'2','123123','2015-09-05 15:24:05','caojian361',NULL),(2653,'caojian360','private','no',310,'2','123123','2015-09-05 15:24:05','caojian360',NULL),(2654,'caojian359','private','no',310,'2','123123','2015-09-05 15:24:05','caojian359',NULL),(2655,'caojian358','private','no',310,'2','123123','2015-09-05 15:24:05','caojian358',NULL),(2656,'caojian357','private','no',310,'2','123123','2015-09-05 15:24:05','caojian357',NULL),(2657,'caojian356','private','no',310,'2','123123','2015-09-05 15:24:05','caojian356',NULL),(2658,'caojian355','private','no',310,'2','123123','2015-09-05 15:24:05','caojian355',NULL),(2659,'caojian354','private','no',310,'2','123123','2015-09-05 15:24:05','caojian354',NULL),(2660,'caojian353','private','no',310,'2','123123','2015-09-05 15:24:05','caojian353',NULL),(2661,'caojian352','private','no',310,'2','123123','2015-09-05 15:24:05','caojian352',NULL),(2662,'caojian351','private','no',310,'2','123123','2015-09-05 15:24:05','caojian351',NULL),(2663,'caojian350','private','no',310,'2','123123','2015-09-05 15:24:05','caojian350',NULL),(2664,'caojian349','private','no',310,'2','123123','2015-09-05 15:24:05','caojian349',NULL),(2665,'caojian348','private','no',310,'2','123123','2015-09-05 15:24:05','caojian348',NULL),(2666,'caojian347','private','no',310,'2','123123','2015-09-05 15:24:05','caojian347',NULL),(2667,'caojian346','private','no',310,'2','123123','2015-09-05 15:24:05','caojian346',NULL),(2668,'caojian345','private','no',310,'2','123123','2015-09-05 15:24:05','caojian345',NULL),(2669,'caojian344','private','no',310,'2','123123','2015-09-05 15:24:05','caojian344',NULL),(2670,'caojian343','private','no',310,'2','123123','2015-09-05 15:24:05','caojian343',NULL),(2671,'caojian342','private','no',310,'2','123123','2015-09-05 15:24:05','caojian342',NULL),(2672,'caojian341','private','no',310,'2','123123','2015-09-05 15:24:05','caojian341',NULL),(2673,'caojian340','private','no',310,'2','123123','2015-09-05 15:24:05','caojian340',NULL),(2674,'caojian339','private','no',310,'2','123123','2015-09-05 15:24:05','caojian339',NULL),(2675,'caojian338','private','no',310,'2','123123','2015-09-05 15:24:05','caojian338',NULL),(2676,'caojian337','private','no',310,'2','123123','2015-09-05 15:24:05','caojian337',NULL),(2677,'caojian336','private','no',310,'2','123123','2015-09-05 15:24:05','caojian336',NULL),(2678,'caojian335','private','no',310,'2','123123','2015-09-05 15:24:05','caojian335',NULL),(2679,'caojian334','private','no',310,'2','123123','2015-09-05 15:24:05','caojian334',NULL),(2680,'caojian333','private','no',310,'2','123123','2015-09-05 15:24:05','caojian333',NULL),(2681,'caojian332','private','no',310,'2','123123','2015-09-05 15:24:05','caojian332',NULL),(2682,'caojian331','private','no',310,'2','123123','2015-09-05 15:24:05','caojian331',NULL),(2683,'caojian330','private','no',310,'2','123123','2015-09-05 15:24:05','caojian330',NULL),(2684,'caojian329','private','no',310,'2','123123','2015-09-05 15:24:05','caojian329',NULL),(2685,'caojian328','private','no',310,'2','123123','2015-09-05 15:24:05','caojian328',NULL),(2686,'caojian327','private','no',310,'2','123123','2015-09-05 15:24:05','caojian327',NULL),(2687,'caojian326','private','no',310,'2','123123','2015-09-05 15:24:05','caojian326',NULL),(2688,'caojian325','private','no',310,'2','123123','2015-09-05 15:24:05','caojian325',NULL),(2689,'caojian324','private','no',310,'2','123123','2015-09-05 15:24:05','caojian324',NULL),(2690,'caojian323','private','no',310,'2','123123','2015-09-05 15:24:05','caojian323',NULL),(2691,'caojian322','private','no',310,'2','123123','2015-09-05 15:24:05','caojian322',NULL),(2692,'caojian321','private','no',310,'2','123123','2015-09-05 15:24:05','caojian321',NULL),(2693,'caojian320','private','no',310,'2','123123','2015-09-05 15:24:05','caojian320',NULL),(2694,'caojian319','private','no',310,'2','123123','2015-09-05 15:24:05','caojian319',NULL),(2695,'caojian318','private','no',310,'2','123123','2015-09-05 15:24:05','caojian318',NULL),(2696,'caojian317','private','no',310,'2','123123','2015-09-05 15:24:05','caojian317',NULL),(2697,'caojian316','private','no',310,'2','123123','2015-09-05 15:24:05','caojian316',NULL),(2698,'caojian315','private','no',310,'2','123123','2015-09-05 15:24:05','caojian315',NULL),(2699,'caojian314','private','no',310,'2','123123','2015-09-05 15:24:05','caojian314',NULL),(2700,'caojian313','private','no',310,'2','123123','2015-09-05 15:24:05','caojian313',NULL),(2701,'caojian312','private','no',310,'2','123123','2015-09-05 15:24:05','caojian312',NULL),(2702,'caojian311','private','no',310,'2','123123','2015-09-05 15:24:05','caojian311',NULL),(2703,'caojian310','private','no',310,'2','123123','2015-09-05 15:24:05','caojian310',NULL),(2704,'caojian309','private','no',310,'2','123123','2015-09-05 15:24:05','caojian309',NULL),(2705,'caojian308','private','no',310,'2','123123','2015-09-05 15:24:05','caojian308',NULL),(2706,'caojian307','private','no',310,'2','123123','2015-09-05 15:24:05','caojian307',NULL),(2707,'caojian306','private','no',310,'2','123123','2015-09-05 15:24:05','caojian306',NULL),(2708,'caojian305','private','no',310,'2','123123','2015-09-05 15:24:05','caojian305',NULL),(2709,'caojian304','private','no',310,'2','123123','2015-09-05 15:24:05','caojian304',NULL),(2710,'caojian303','private','no',310,'2','123123','2015-09-05 15:24:05','caojian303',NULL),(2711,'caojian302','private','no',310,'2','123123','2015-09-05 15:24:05','caojian302',NULL),(2712,'caojian301','private','no',310,'2','123123','2015-09-05 15:24:05','caojian301',NULL),(2713,'caojian300','private','no',310,'2','123123','2015-09-05 15:24:05','caojian300',NULL),(2714,'caojian299','private','no',310,'2','123123','2015-09-05 15:24:05','caojian299',NULL),(2715,'caojian298','private','no',310,'2','123123','2015-09-05 15:24:05','caojian298',NULL),(2716,'caojian297','private','no',310,'2','123123','2015-09-05 15:24:05','caojian297',NULL),(2717,'caojian296','private','no',310,'2','123123','2015-09-05 15:24:05','caojian296',NULL),(2718,'caojian295','private','no',310,'2','123123','2015-09-05 15:24:05','caojian295',NULL),(2719,'caojian294','private','no',310,'2','123123','2015-09-05 15:24:05','caojian294',NULL),(2720,'caojian293','private','no',310,'2','123123','2015-09-05 15:24:05','caojian293',NULL),(2721,'caojian292','private','no',310,'2','123123','2015-09-05 15:24:05','caojian292',NULL),(2722,'caojian291','private','no',310,'2','123123','2015-09-05 15:24:05','caojian291',NULL),(2723,'caojian290','private','no',310,'2','123123','2015-09-05 15:24:05','caojian290',NULL),(2724,'caojian289','private','no',310,'2','123123','2015-09-05 15:24:05','caojian289',NULL),(2725,'caojian288','private','no',310,'2','123123','2015-09-05 15:24:05','caojian288',NULL),(2726,'caojian287','private','no',310,'2','123123','2015-09-05 15:24:05','caojian287',NULL),(2727,'caojian286','private','no',310,'2','123123','2015-09-05 15:24:05','caojian286',NULL),(2728,'caojian285','private','no',310,'2','123123','2015-09-05 15:24:05','caojian285',NULL),(2729,'caojian284','private','no',310,'2','123123','2015-09-05 15:24:05','caojian284',NULL),(2730,'caojian283','private','no',310,'2','123123','2015-09-05 15:24:05','caojian283',NULL),(2731,'caojian282','private','no',310,'2','123123','2015-09-05 15:24:05','caojian282',NULL),(2732,'caojian281','private','no',310,'2','123123','2015-09-05 15:24:05','caojian281',NULL),(2733,'caojian280','private','no',310,'2','123123','2015-09-05 15:24:05','caojian280',NULL),(2734,'caojian279','private','no',310,'2','123123','2015-09-05 15:24:05','caojian279',NULL),(2735,'caojian278','private','no',310,'2','123123','2015-09-05 15:24:05','caojian278',NULL),(2736,'caojian277','private','no',310,'2','123123','2015-09-05 15:24:05','caojian277',NULL),(2737,'caojian276','private','no',310,'2','123123','2015-09-05 15:24:05','caojian276',NULL),(2738,'caojian275','private','no',310,'2','123123','2015-09-05 15:24:05','caojian275',NULL),(2739,'caojian274','private','no',310,'2','123123','2015-09-05 15:24:05','caojian274',NULL),(2740,'caojian273','private','no',310,'2','123123','2015-09-05 15:24:05','caojian273',NULL),(2741,'caojian272','private','no',310,'2','123123','2015-09-05 15:24:05','caojian272',NULL),(2742,'caojian271','private','no',310,'2','123123','2015-09-05 15:24:05','caojian271',NULL),(2743,'caojian270','private','no',310,'2','123123','2015-09-05 15:24:05','caojian270',NULL),(2744,'caojian269','private','no',310,'2','123123','2015-09-05 15:24:05','caojian269',NULL),(2745,'caojian268','private','no',310,'2','123123','2015-09-05 15:24:05','caojian268',NULL),(2746,'caojian267','private','no',310,'2','123123','2015-09-05 15:24:05','caojian267',NULL),(2747,'caojian266','private','no',310,'2','123123','2015-09-05 15:24:05','caojian266',NULL),(2748,'caojian265','private','no',310,'2','123123','2015-09-05 15:24:05','caojian265',NULL),(2749,'caojian264','private','no',310,'2','123123','2015-09-05 15:24:05','caojian264',NULL),(2750,'caojian263','private','no',310,'2','123123','2015-09-05 15:24:05','caojian263',NULL),(2751,'caojian262','private','no',310,'2','123123','2015-09-05 15:24:05','caojian262',NULL),(2752,'caojian261','private','no',310,'2','123123','2015-09-05 15:24:05','caojian261',NULL),(2753,'caojian260','private','no',310,'2','123123','2015-09-05 15:24:05','caojian260',NULL),(2754,'caojian259','private','no',310,'2','123123','2015-09-05 15:24:05','caojian259',NULL),(2755,'caojian258','private','no',310,'2','123123','2015-09-05 15:24:05','caojian258',NULL),(2756,'caojian257','private','no',310,'2','123123','2015-09-05 15:24:05','caojian257',NULL),(2757,'caojian256','private','no',310,'2','123123','2015-09-05 15:24:05','caojian256',NULL),(2758,'caojian255','private','no',310,'2','123123','2015-09-05 15:24:05','caojian255',NULL),(2759,'caojian254','private','no',310,'2','123123','2015-09-05 15:24:05','caojian254',NULL),(2760,'caojian253','private','no',310,'2','123123','2015-09-05 15:24:05','caojian253',NULL),(2761,'caojian252','private','no',310,'2','123123','2015-09-05 15:24:05','caojian252',NULL),(2762,'caojian251','private','no',310,'2','123123','2015-09-05 15:24:05','caojian251',NULL),(2763,'caojian250','private','no',310,'2','123123','2015-09-05 15:24:05','caojian250',NULL),(2764,'caojian249','private','no',310,'2','123123','2015-09-05 15:24:05','caojian249',NULL),(2765,'caojian248','private','no',310,'2','123123','2015-09-05 15:24:05','caojian248',NULL),(2766,'caojian247','private','no',310,'2','123123','2015-09-05 15:24:05','caojian247',NULL),(2767,'caojian246','private','no',310,'2','123123','2015-09-05 15:24:05','caojian246',NULL),(2768,'caojian245','private','no',310,'2','123123','2015-09-05 15:24:05','caojian245',NULL),(2769,'caojian244','private','no',310,'2','123123','2015-09-05 15:24:05','caojian244',NULL),(2770,'caojian243','private','no',310,'2','123123','2015-09-05 15:24:05','caojian243',NULL),(2771,'caojian242','private','no',310,'2','123123','2015-09-05 15:24:05','caojian242',NULL),(2772,'caojian241','private','no',310,'2','123123','2015-09-05 15:24:05','caojian241',NULL),(2773,'caojian240','private','no',310,'2','123123','2015-09-05 15:24:05','caojian240',NULL),(2774,'caojian239','private','no',310,'2','123123','2015-09-05 15:24:05','caojian239',NULL),(2775,'caojian238','private','no',310,'2','123123','2015-09-05 15:24:05','caojian238',NULL),(2776,'caojian237','private','no',310,'2','123123','2015-09-05 15:24:05','caojian237',NULL),(2777,'caojian236','private','no',310,'2','123123','2015-09-05 15:24:05','caojian236',NULL),(2778,'caojian235','private','no',310,'2','123123','2015-09-05 15:24:05','caojian235',NULL),(2779,'caojian234','private','no',310,'2','123123','2015-09-05 15:24:05','caojian234',NULL),(2780,'caojian233','private','no',310,'2','123123','2015-09-05 15:24:05','caojian233',NULL),(2781,'caojian232','private','no',310,'2','123123','2015-09-05 15:24:05','caojian232',NULL),(2782,'caojian231','private','no',310,'2','123123','2015-09-05 15:24:05','caojian231',NULL),(2783,'caojian230','private','no',310,'2','123123','2015-09-05 15:24:05','caojian230',NULL),(2784,'caojian229','private','no',310,'2','123123','2015-09-05 15:24:05','caojian229',NULL),(2785,'caojian228','private','no',310,'2','123123','2015-09-05 15:24:05','caojian228',NULL),(2786,'caojian227','private','no',310,'2','123123','2015-09-05 15:24:05','caojian227',NULL),(2787,'caojian226','private','no',310,'2','123123','2015-09-05 15:24:05','caojian226',NULL),(2788,'caojian225','private','no',310,'2','123123','2015-09-05 15:24:05','caojian225',NULL),(2789,'caojian224','private','no',310,'2','123123','2015-09-05 15:24:05','caojian224',NULL),(2790,'caojian223','private','no',310,'2','123123','2015-09-05 15:24:05','caojian223',NULL),(2791,'caojian222','private','no',310,'2','123123','2015-09-05 15:24:05','caojian222',NULL),(2792,'caojian221','private','no',310,'2','123123','2015-09-05 15:24:05','caojian221',NULL),(2793,'caojian220','private','no',310,'2','123123','2015-09-05 15:24:05','caojian220',NULL),(2794,'caojian219','private','no',310,'2','123123','2015-09-05 15:24:05','caojian219',NULL),(2795,'caojian218','private','no',310,'2','123123','2015-09-05 15:24:05','caojian218',NULL),(2796,'caojian217','private','no',310,'2','123123','2015-09-05 15:24:05','caojian217',NULL),(2797,'caojian216','private','no',310,'2','123123','2015-09-05 15:24:05','caojian216',NULL),(2798,'caojian215','private','no',310,'2','123123','2015-09-05 15:24:05','caojian215',NULL),(2799,'caojian214','private','no',310,'2','123123','2015-09-05 15:24:05','caojian214',NULL),(2800,'caojian213','private','no',310,'2','123123','2015-09-05 15:24:05','caojian213',NULL),(2801,'caojian212','private','no',310,'2','123123','2015-09-05 15:24:05','caojian212',NULL),(2802,'caojian211','private','no',310,'2','123123','2015-09-05 15:24:05','caojian211',NULL),(2803,'caojian210','private','no',310,'2','123123','2015-09-05 15:24:05','caojian210',NULL),(2804,'caojian209','private','no',310,'2','123123','2015-09-05 15:24:05','caojian209',NULL),(2805,'caojian208','private','no',310,'2','123123','2015-09-05 15:24:05','caojian208',NULL),(2806,'caojian207','private','no',310,'2','123123','2015-09-05 15:24:05','caojian207',NULL),(2807,'caojian206','private','no',310,'2','123123','2015-09-05 15:24:05','caojian206',NULL),(2808,'caojian205','private','no',310,'2','123123','2015-09-05 15:24:05','caojian205',NULL),(2809,'caojian204','private','no',310,'2','123123','2015-09-05 15:24:05','caojian204',NULL),(2810,'caojian203','private','no',310,'2','123123','2015-09-05 15:24:05','caojian203',NULL),(2811,'caojian202','private','no',310,'2','123123','2015-09-05 15:24:05','caojian202',NULL),(2812,'caojian201','private','no',310,'2','123123','2015-09-05 15:24:05','caojian201',NULL),(2813,'caojian200','private','no',310,'2','123123','2015-09-05 15:24:05','caojian200',NULL),(2814,'caojian199','private','no',310,'2','123123','2015-09-05 15:24:05','caojian199',NULL),(2815,'caojian198','private','no',310,'2','123123','2015-09-05 15:24:05','caojian198',NULL),(2816,'caojian197','private','no',310,'2','123123','2015-09-05 15:24:05','caojian197',NULL),(2817,'caojian196','private','no',310,'2','123123','2015-09-05 15:24:05','caojian196',NULL),(2818,'caojian195','private','no',310,'2','123123','2015-09-05 15:24:05','caojian195',NULL),(2819,'caojian194','private','no',310,'2','123123','2015-09-05 15:24:05','caojian194',NULL),(2820,'caojian193','private','no',310,'2','123123','2015-09-05 15:24:05','caojian193',NULL),(2821,'caojian192','private','no',310,'2','123123','2015-09-05 15:24:05','caojian192',NULL),(2822,'caojian191','private','no',310,'2','123123','2015-09-05 15:24:05','caojian191',NULL),(2823,'caojian190','private','no',310,'2','123123','2015-09-05 15:24:05','caojian190',NULL),(2824,'caojian189','private','no',310,'2','123123','2015-09-05 15:24:05','caojian189',NULL),(2825,'caojian188','private','no',310,'2','123123','2015-09-05 15:24:05','caojian188',NULL),(2826,'caojian187','private','no',310,'2','123123','2015-09-05 15:24:05','caojian187',NULL),(2827,'caojian186','private','no',310,'2','123123','2015-09-05 15:24:05','caojian186',NULL),(2828,'caojian185','private','no',310,'2','123123','2015-09-05 15:24:05','caojian185',NULL),(2829,'caojian184','private','no',310,'2','123123','2015-09-05 15:24:05','caojian184',NULL),(2830,'caojian183','private','no',310,'2','123123','2015-09-05 15:24:05','caojian183',NULL),(2831,'caojian182','private','no',310,'2','123123','2015-09-05 15:24:05','caojian182',NULL),(2832,'caojian181','private','no',310,'2','123123','2015-09-05 15:24:05','caojian181',NULL),(2833,'caojian180','private','no',310,'2','123123','2015-09-05 15:24:05','caojian180',NULL),(2834,'caojian179','private','no',310,'2','123123','2015-09-05 15:24:05','caojian179',NULL),(2835,'caojian178','private','no',310,'2','123123','2015-09-05 15:24:05','caojian178',NULL),(2836,'caojian177','private','no',310,'2','123123','2015-09-05 15:24:05','caojian177',NULL),(2837,'caojian176','private','no',310,'2','123123','2015-09-05 15:24:05','caojian176',NULL),(2838,'caojian175','private','no',310,'2','123123','2015-09-05 15:24:05','caojian175',NULL),(2839,'caojian174','private','no',310,'2','123123','2015-09-05 15:24:05','caojian174',NULL),(2840,'caojian173','private','no',310,'2','123123','2015-09-05 15:24:05','caojian173',NULL),(2841,'caojian172','private','no',310,'2','123123','2015-09-05 15:24:05','caojian172',NULL),(2842,'caojian171','private','no',310,'2','123123','2015-09-05 15:24:05','caojian171',NULL),(2843,'caojian170','private','no',310,'2','123123','2015-09-05 15:24:05','caojian170',NULL),(2844,'caojian169','private','no',310,'2','123123','2015-09-05 15:24:05','caojian169',NULL),(2845,'caojian168','private','no',310,'2','123123','2015-09-05 15:24:05','caojian168',NULL),(2846,'caojian167','private','no',310,'2','123123','2015-09-05 15:24:05','caojian167',NULL),(2847,'caojian166','private','no',310,'2','123123','2015-09-05 15:24:05','caojian166',NULL),(2848,'caojian165','private','no',310,'2','123123','2015-09-05 15:24:05','caojian165',NULL),(2849,'caojian164','private','no',310,'2','123123','2015-09-05 15:24:05','caojian164',NULL),(2850,'caojian163','private','no',310,'2','123123','2015-09-05 15:24:05','caojian163',NULL),(2851,'caojian162','private','no',310,'2','123123','2015-09-05 15:24:05','caojian162',NULL),(2852,'caojian161','private','no',310,'2','123123','2015-09-05 15:24:05','caojian161',NULL),(2853,'caojian160','private','no',310,'2','123123','2015-09-05 15:24:05','caojian160',NULL),(2854,'caojian159','private','no',310,'2','123123','2015-09-05 15:24:05','caojian159',NULL),(2855,'caojian158','private','no',310,'2','123123','2015-09-05 15:24:05','caojian158',NULL),(2856,'caojian157','private','no',310,'2','123123','2015-09-05 15:24:05','caojian157',NULL),(2857,'caojian156','private','no',310,'2','123123','2015-09-05 15:24:05','caojian156',NULL),(2858,'caojian155','private','no',310,'2','123123','2015-09-05 15:24:05','caojian155',NULL),(2859,'caojian154','private','no',310,'2','123123','2015-09-05 15:24:05','caojian154',NULL),(2860,'caojian153','private','no',310,'2','123123','2015-09-05 15:24:05','caojian153',NULL),(2861,'caojian152','private','no',310,'2','123123','2015-09-05 15:24:05','caojian152',NULL),(2862,'caojian151','private','no',310,'2','123123','2015-09-05 15:24:05','caojian151',NULL),(2863,'caojian150','private','no',310,'2','123123','2015-09-05 15:24:05','caojian150',NULL),(2864,'caojian149','private','no',310,'2','123123','2015-09-05 15:24:05','caojian149',NULL),(2865,'caojian148','private','no',310,'2','123123','2015-09-05 15:24:05','caojian148',NULL),(2866,'caojian147','private','no',310,'2','123123','2015-09-05 15:24:05','caojian147',NULL),(2867,'caojian146','private','no',310,'2','123123','2015-09-05 15:24:05','caojian146',NULL),(2868,'caojian145','private','no',310,'2','123123','2015-09-05 15:24:05','caojian145',NULL),(2869,'caojian144','private','no',310,'2','123123','2015-09-05 15:24:05','caojian144',NULL),(2870,'caojian143','private','no',310,'2','123123','2015-09-05 15:24:05','caojian143',NULL),(2871,'caojian142','private','no',310,'2','123123','2015-09-05 15:24:05','caojian142',NULL),(2872,'caojian141','private','no',310,'2','123123','2015-09-05 15:24:05','caojian141',NULL),(2873,'caojian140','private','no',310,'2','123123','2015-09-05 15:24:05','caojian140',NULL),(2874,'caojian139','private','no',310,'2','123123','2015-09-05 15:24:05','caojian139',NULL),(2875,'caojian138','private','no',310,'2','123123','2015-09-05 15:24:05','caojian138',NULL),(2876,'caojian137','private','no',310,'2','123123','2015-09-05 15:24:05','caojian137',NULL),(2877,'caojian136','private','no',310,'2','123123','2015-09-05 15:24:05','caojian136',NULL),(2878,'caojian135','private','no',310,'2','123123','2015-09-05 15:24:05','caojian135',NULL),(2879,'caojian134','private','no',310,'2','123123','2015-09-05 15:24:05','caojian134',NULL),(2880,'caojian133','private','no',310,'2','123123','2015-09-05 15:24:05','caojian133',NULL),(2881,'caojian132','private','no',310,'2','123123','2015-09-05 15:24:05','caojian132',NULL),(2882,'caojian131','private','no',310,'2','123123','2015-09-05 15:24:05','caojian131',NULL),(2883,'caojian130','private','no',310,'2','123123','2015-09-05 15:24:05','caojian130',NULL),(2884,'caojian129','private','no',310,'2','123123','2015-09-05 15:24:05','caojian129',NULL),(2885,'caojian128','private','no',310,'2','123123','2015-09-05 15:24:05','caojian128',NULL),(2886,'caojian127','private','no',310,'2','123123','2015-09-05 15:24:05','caojian127',NULL),(2887,'caojian126','private','no',310,'2','123123','2015-09-05 15:24:05','caojian126',NULL),(2888,'caojian125','private','no',310,'2','123123','2015-09-05 15:24:05','caojian125',NULL),(2889,'caojian124','private','no',310,'2','123123','2015-09-05 15:24:05','caojian124',NULL),(2890,'caojian123','private','no',310,'2','123123','2015-09-05 15:24:05','caojian123',NULL),(2891,'caojian122','private','no',310,'2','123123','2015-09-05 15:24:05','caojian122',NULL),(2892,'caojian121','private','no',310,'2','123123','2015-09-05 15:24:05','caojian121',NULL),(2893,'caojian120','private','no',310,'2','123123','2015-09-05 15:24:05','caojian120',NULL),(2894,'caojian119','private','no',310,'2','123123','2015-09-05 15:24:05','caojian119',NULL),(2895,'caojian118','private','no',310,'2','123123','2015-09-05 15:24:05','caojian118',NULL),(2896,'caojian117','private','no',310,'2','123123','2015-09-05 15:24:05','caojian117',NULL),(2897,'caojian116','private','no',310,'2','123123','2015-09-05 15:24:05','caojian116',NULL),(2898,'caojian115','private','no',310,'2','123123','2015-09-05 15:24:05','caojian115',NULL),(2899,'caojian114','private','no',310,'2','123123','2015-09-05 15:24:05','caojian114',NULL),(2900,'caojian113','private','no',310,'2','123123','2015-09-05 15:24:05','caojian113',NULL),(2901,'caojian112','private','no',310,'2','123123','2015-09-05 15:24:05','caojian112',NULL),(2902,'caojian111','private','no',310,'2','123123','2015-09-05 15:24:05','caojian111',NULL),(2903,'caojian110','private','no',310,'2','123123','2015-09-05 15:24:05','caojian110',NULL),(2904,'caojian109','private','no',310,'2','123123','2015-09-05 15:24:05','caojian109',NULL),(2905,'caojian108','private','no',310,'2','123123','2015-09-05 15:24:05','caojian108',NULL),(2906,'caojian107','private','no',310,'2','123123','2015-09-05 15:24:05','caojian107',NULL),(2907,'caojian106','private','no',310,'2','123123','2015-09-05 15:24:05','caojian106',NULL),(2908,'caojian105','private','no',310,'2','123123','2015-09-05 15:24:05','caojian105',NULL),(2909,'caojian104','private','no',310,'2','123123','2015-09-05 15:24:05','caojian104',NULL),(2910,'caojian103','private','no',310,'2','123123','2015-09-05 15:24:05','caojian103',NULL),(2911,'caojian102','private','no',310,'2','123123','2015-09-05 15:24:05','caojian102',NULL),(2912,'caojian101','private','no',310,'2','123123','2015-09-05 15:24:05','caojian101',NULL),(2913,'caojian100','private','no',310,'2','123123','2015-09-05 15:24:05','caojian100',NULL),(2914,'caojian99','private','no',310,'2','123123','2015-09-05 15:24:05','caojian99',NULL),(2915,'caojian98','private','no',310,'2','123123','2015-09-05 15:24:05','caojian98',NULL),(2916,'caojian97','private','no',310,'2','123123','2015-09-05 15:24:05','caojian97',NULL),(2917,'caojian96','private','no',310,'2','123123','2015-09-05 15:24:05','caojian96',NULL),(2918,'caojian95','private','no',310,'2','123123','2015-09-05 15:24:05','caojian95',NULL),(2919,'caojian94','private','no',310,'2','123123','2015-09-05 15:24:05','caojian94',NULL),(2920,'caojian93','private','no',310,'2','123123','2015-09-05 15:24:05','caojian93',NULL),(2921,'caojian92','private','no',310,'2','123123','2015-09-05 15:24:05','caojian92',NULL),(2922,'caojian91','private','no',310,'2','123123','2015-09-05 15:24:05','caojian91',NULL),(2923,'caojian90','private','no',310,'2','123123','2015-09-05 15:24:05','caojian90',NULL),(2924,'caojian89','private','no',310,'2','123123','2015-09-05 15:24:05','caojian89',NULL),(2925,'caojian88','private','no',310,'2','123123','2015-09-05 15:24:05','caojian88',NULL),(2926,'caojian87','private','no',310,'2','123123','2015-09-05 15:24:05','caojian87',NULL),(2927,'caojian86','private','no',310,'2','123123','2015-09-05 15:24:05','caojian86',NULL),(2928,'caojian85','private','no',310,'2','123123','2015-09-05 15:24:05','caojian85',NULL),(2929,'caojian84','private','no',310,'2','123123','2015-09-05 15:24:05','caojian84',NULL),(2930,'caojian83','private','no',310,'2','123123','2015-09-05 15:24:05','caojian83',NULL),(2931,'caojian82','private','no',310,'2','123123','2015-09-05 15:24:05','caojian82',NULL),(2932,'caojian81','private','no',310,'2','123123','2015-09-05 15:24:05','caojian81',NULL),(2933,'caojian80','private','no',310,'2','123123','2015-09-05 15:24:05','caojian80',NULL),(2934,'caojian79','private','no',310,'2','123123','2015-09-05 15:24:05','caojian79',NULL),(2935,'caojian78','private','no',310,'2','123123','2015-09-05 15:24:05','caojian78',NULL),(2936,'caojian77','private','no',310,'2','123123','2015-09-05 15:24:05','caojian77',NULL),(2937,'caojian76','private','no',310,'2','123123','2015-09-05 15:24:05','caojian76',NULL),(2938,'caojian75','private','no',310,'2','123123','2015-09-05 15:24:05','caojian75',NULL),(2939,'caojian74','private','no',310,'2','123123','2015-09-05 15:24:05','caojian74',NULL),(2940,'caojian73','private','no',310,'2','123123','2015-09-05 15:24:05','caojian73',NULL),(2941,'caojian72','private','no',310,'2','123123','2015-09-05 15:24:05','caojian72',NULL),(2942,'caojian71','private','no',310,'2','123123','2015-09-05 15:24:05','caojian71',NULL),(2943,'caojian70','private','no',310,'2','123123','2015-09-05 15:24:05','caojian70',NULL),(2944,'caojian69','private','no',310,'2','123123','2015-09-05 15:24:05','caojian69',NULL),(2945,'caojian68','private','no',310,'2','123123','2015-09-05 15:24:05','caojian68',NULL),(2946,'caojian67','private','no',310,'2','123123','2015-09-05 15:24:05','caojian67',NULL),(2947,'caojian66','private','no',310,'2','123123','2015-09-05 15:24:05','caojian66',NULL),(2948,'caojian65','private','no',310,'2','123123','2015-09-05 15:24:05','caojian65',NULL),(2949,'caojian64','private','no',310,'2','123123','2015-09-05 15:24:05','caojian64',NULL),(2950,'caojian63','private','no',310,'2','123123','2015-09-05 15:24:05','caojian63',NULL),(2951,'caojian62','private','no',310,'2','123123','2015-09-05 15:24:05','caojian62',NULL),(2952,'caojian61','private','no',310,'2','123123','2015-09-05 15:24:05','caojian61',NULL),(2953,'caojian60','private','no',310,'2','123123','2015-09-05 15:24:05','caojian60',NULL),(2954,'caojian59','private','no',310,'2','123123','2015-09-05 15:24:05','caojian59',NULL),(2955,'caojian58','private','no',310,'2','123123','2015-09-05 15:24:05','caojian58',NULL),(2956,'caojian57','private','no',310,'2','123123','2015-09-05 15:24:05','caojian57',NULL),(2957,'caojian56','private','no',310,'2','123123','2015-09-05 15:24:05','caojian56',NULL),(2958,'caojian55','private','no',310,'2','123123','2015-09-05 15:24:05','caojian55',NULL),(2959,'caojian54','private','no',310,'2','123123','2015-09-05 15:24:05','caojian54',NULL),(2960,'caojian53','private','no',310,'2','123123','2015-09-05 15:24:05','caojian53',NULL),(2961,'caojian52','private','no',310,'2','123123','2015-09-05 15:24:05','caojian52',NULL),(2962,'caojian51','private','no',310,'2','123123','2015-09-05 15:24:05','caojian51',NULL),(2963,'caojian50','private','no',310,'2','123123','2015-09-05 15:24:05','caojian50',NULL),(2964,'caojian49','private','no',310,'2','123123','2015-09-05 15:24:05','caojian49',NULL),(2965,'caojian48','private','no',310,'2','123123','2015-09-05 15:24:05','caojian48',NULL),(2966,'caojian47','private','no',310,'2','123123','2015-09-05 15:24:05','caojian47',NULL),(2967,'caojian46','private','no',310,'2','123123','2015-09-05 15:24:05','caojian46',NULL),(2968,'caojian45','private','no',310,'2','123123','2015-09-05 15:24:05','caojian45',NULL),(2969,'caojian44','private','no',310,'2','123123','2015-09-05 15:24:05','caojian44',NULL),(2970,'caojian43','private','no',310,'2','123123','2015-09-05 15:24:05','caojian43',NULL),(2971,'caojian42','private','no',310,'2','123123','2015-09-05 15:24:05','caojian42',NULL),(2972,'caojian41','private','no',310,'2','123123','2015-09-05 15:24:05','caojian41',NULL),(2973,'caojian40','private','no',310,'2','123123','2015-09-05 15:24:05','caojian40',NULL),(2974,'caojian39','private','no',310,'2','123123','2015-09-05 15:24:05','caojian39',NULL),(2975,'caojian38','private','no',310,'2','123123','2015-09-05 15:24:05','caojian38',NULL),(2976,'caojian37','private','no',310,'2','123123','2015-09-05 15:24:05','caojian37',NULL),(2977,'caojian36','private','no',310,'2','123123','2015-09-05 15:24:05','caojian36',NULL),(2978,'caojian35','private','no',310,'2','123123','2015-09-05 15:24:05','caojian35',NULL),(2979,'caojian34','private','no',310,'2','123123','2015-09-05 15:24:05','caojian34',NULL),(2980,'caojian33','private','no',310,'2','123123','2015-09-05 15:24:05','caojian33',NULL),(2981,'caojian32','private','no',310,'2','123123','2015-09-05 15:24:05','caojian32',NULL),(2982,'caojian31','private','no',310,'2','123123','2015-09-05 15:24:05','caojian31',NULL),(2983,'caojian30','private','no',310,'2','123123','2015-09-05 15:24:05','caojian30',NULL),(2984,'caojian29','private','no',310,'2','123123','2015-09-05 15:24:05','caojian29',NULL),(2985,'caojian28','private','no',310,'2','123123','2015-09-05 15:24:05','caojian28',NULL),(2986,'caojian27','private','no',310,'2','123123','2015-09-05 15:24:05','caojian27',NULL),(2987,'caojian26','private','no',310,'2','123123','2015-09-05 15:24:05','caojian26',NULL),(2988,'caojian25','private','no',310,'2','123123','2015-09-05 15:24:05','caojian25',NULL),(2989,'caojian24','private','no',310,'2','123123','2015-09-05 15:24:05','caojian24',NULL),(2990,'caojian23','private','no',310,'2','123123','2015-09-05 15:24:05','caojian23',NULL),(2991,'caojian22','private','no',310,'2','123123','2015-09-05 15:24:05','caojian22',NULL),(2992,'caojian21','private','no',310,'2','123123','2015-09-05 15:24:05','caojian21',NULL),(2993,'caojian20','private','no',310,'2','123123','2015-09-05 15:24:05','caojian20',NULL),(2994,'caojian19','private','no',310,'2','123123','2015-09-05 15:24:05','caojian19',NULL),(2995,'caojian18','private','no',310,'2','123123','2015-09-05 15:24:05','caojian18',NULL),(2996,'caojian17','private','no',310,'2','123123','2015-09-05 15:24:05','caojian17',NULL),(2997,'caojian16','private','no',310,'2','123123','2015-09-05 15:24:05','caojian16',NULL),(2998,'caojian15','private','no',310,'2','123123','2015-09-05 15:24:05','caojian15',NULL),(2999,'caojian14','private','no',310,'2','123123','2015-09-05 15:24:05','caojian14',NULL),(3000,'caojian13','private','no',310,'2','123123','2015-09-05 15:24:05','caojian13',NULL),(3001,'caojian12','private','no',310,'2','123123','2015-09-05 15:24:05','caojian12',NULL),(3002,'caojian11','private','no',310,'2','123123','2015-09-05 15:24:05','caojian11',NULL),(3003,'caojian10','private','no',310,'2','123123','2015-09-05 15:24:05','caojian10',NULL),(3004,'caojian9','private','no',310,'2','123123','2015-09-05 15:24:05','caojian9',NULL),(3005,'caojian8','private','no',310,'2','123123','2015-09-05 15:24:05','caojian8',NULL),(3006,'caojian7','private','no',310,'2','123123','2015-09-05 15:24:05','caojian7',NULL),(3007,'caojian6','private','no',310,'2','123123','2015-09-05 15:24:05','caojian6',NULL),(3008,'caojian5','private','no',310,'2','123123','2015-09-05 15:24:05','caojian5',NULL),(3009,'caojian4','private','no',310,'2','123123','2015-09-05 15:24:05','caojian4',NULL),(3010,'caojian3','private','no',310,'2','123123','2015-09-05 15:24:05','caojian3',NULL),(3011,'caojian2','private','no',310,'2','123123','2015-09-05 15:24:05','caojian2',NULL),(3012,'caojian1','private','no',310,'2','123123','2015-09-05 15:24:05','caojian1',NULL),(3013,'caojian30','private','no',310,'2','123123','2015-09-05 15:26:55','caojian30',NULL),(3014,'caojian29','private','no',310,'2','123123','2015-09-05 15:26:55','caojian29',NULL),(3015,'caojian28','private','no',310,'2','123123','2015-09-05 15:26:55','caojian28',NULL),(3016,'caojian27','private','no',310,'2','123123','2015-09-05 15:26:55','caojian27',NULL),(3017,'caojian26','private','no',310,'2','123123','2015-09-05 15:26:55','caojian26',NULL),(3018,'caojian25','private','no',310,'2','123123','2015-09-05 15:26:55','caojian25',NULL),(3019,'caojian24','private','no',310,'2','123123','2015-09-05 15:26:55','caojian24',NULL),(3020,'caojian23','private','no',310,'2','123123','2015-09-05 15:26:55','caojian23',NULL),(3021,'caojian22','private','no',310,'2','123123','2015-09-05 15:26:55','caojian22',NULL),(3022,'caojian21','private','no',310,'2','123123','2015-09-05 15:26:55','caojian21',NULL),(3023,'caojian20','private','no',310,'2','123123','2015-09-05 15:26:55','caojian20',NULL),(3024,'caojian19','private','no',310,'2','123123','2015-09-05 15:26:55','caojian19',NULL),(3025,'caojian18','private','no',310,'2','123123','2015-09-05 15:26:55','caojian18',NULL),(3026,'caojian17','private','no',310,'2','123123','2015-09-05 15:26:55','caojian17',NULL),(3027,'caojian16','private','no',310,'2','123123','2015-09-05 15:26:55','caojian16',NULL),(3028,'caojian15','private','no',310,'2','123123','2015-09-05 15:26:55','caojian15',NULL),(3029,'caojian14','private','no',310,'2','123123','2015-09-05 15:26:55','caojian14',NULL),(3030,'caojian13','private','no',310,'2','123123','2015-09-05 15:26:55','caojian13',NULL),(3031,'caojian12','private','no',310,'2','123123','2015-09-05 15:26:55','caojian12',NULL),(3032,'caojian11','private','no',310,'2','123123','2015-09-05 15:26:55','caojian11',NULL),(3033,'caojian10','private','no',310,'2','123123','2015-09-05 15:26:55','caojian10',NULL),(3034,'caojian9','private','no',310,'2','123123','2015-09-05 15:26:55','caojian9',NULL),(3035,'caojian8','private','no',310,'2','123123','2015-09-05 15:26:55','caojian8',NULL),(3036,'caojian7','private','no',310,'2','123123','2015-09-05 15:26:55','caojian7',NULL),(3037,'caojian6','private','no',310,'2','123123','2015-09-05 15:26:55','caojian6',NULL),(3038,'caojian5','private','no',310,'2','123123','2015-09-05 15:26:55','caojian5',NULL),(3039,'caojian4','private','no',310,'2','123123','2015-09-05 15:26:55','caojian4',NULL),(3040,'caojian3','private','no',310,'2','123123','2015-09-05 15:26:55','caojian3',NULL),(3041,'caojian2','private','no',310,'2','123123','2015-09-05 15:26:55','caojian2',NULL),(3042,'caojian1','private','no',310,'2','123123','2015-09-05 15:26:55','caojian1',NULL),(3043,'caojian30','private','no',310,'2','123123','2015-09-05 15:27:31','caojian30',NULL),(3044,'caojian29','private','no',310,'2','123123','2015-09-05 15:27:31','caojian29',NULL),(3045,'caojian28','private','no',310,'2','123123','2015-09-05 15:27:31','caojian28',NULL),(3046,'caojian27','private','no',310,'2','123123','2015-09-05 15:27:31','caojian27',NULL),(3047,'caojian26','private','no',310,'2','123123','2015-09-05 15:27:31','caojian26',NULL),(3048,'caojian25','private','no',310,'2','123123','2015-09-05 15:27:31','caojian25',NULL),(3049,'caojian24','private','no',310,'2','123123','2015-09-05 15:27:31','caojian24',NULL),(3050,'caojian23','private','no',310,'2','123123','2015-09-05 15:27:31','caojian23',NULL),(3051,'caojian22','private','no',310,'2','123123','2015-09-05 15:27:31','caojian22',NULL),(3052,'caojian21','private','no',310,'2','123123','2015-09-05 15:27:31','caojian21',NULL),(3053,'caojian20','private','no',310,'2','123123','2015-09-05 15:27:31','caojian20',NULL),(3054,'caojian19','private','no',310,'2','123123','2015-09-05 15:27:31','caojian19',NULL),(3055,'caojian18','private','no',310,'2','123123','2015-09-05 15:27:31','caojian18',NULL),(3056,'caojian17','private','no',310,'2','123123','2015-09-05 15:27:31','caojian17',NULL),(3057,'caojian16','private','no',310,'2','123123','2015-09-05 15:27:31','caojian16',NULL),(3058,'caojian15','private','no',310,'2','123123','2015-09-05 15:27:31','caojian15',NULL),(3059,'caojian14','private','no',310,'2','123123','2015-09-05 15:27:31','caojian14',NULL),(3060,'caojian13','private','no',310,'2','123123','2015-09-05 15:27:31','caojian13',NULL),(3061,'caojian12','private','no',310,'2','123123','2015-09-05 15:27:31','caojian12',NULL),(3062,'caojian11','private','no',310,'2','123123','2015-09-05 15:27:31','caojian11',NULL),(3063,'caojian10','private','no',310,'2','123123','2015-09-05 15:27:31','caojian10',NULL),(3064,'caojian9','private','no',310,'2','123123','2015-09-05 15:27:31','caojian9',NULL),(3065,'caojian8','private','no',310,'2','123123','2015-09-05 15:27:31','caojian8',NULL),(3066,'caojian7','private','no',310,'2','123123','2015-09-05 15:27:31','caojian7',NULL),(3067,'caojian6','private','no',310,'2','123123','2015-09-05 15:27:31','caojian6',NULL),(3068,'caojian5','private','no',310,'2','123123','2015-09-05 15:27:31','caojian5',NULL),(3069,'caojian4','private','no',310,'2','123123','2015-09-05 15:27:31','caojian4',NULL),(3070,'caojian3','private','no',310,'2','123123','2015-09-05 15:27:31','caojian3',NULL),(3071,'caojian2','private','no',310,'2','123123','2015-09-05 15:27:31','caojian2',NULL),(3072,'caojian1','private','no',310,'2','123123','2015-09-05 15:27:31','caojian1',NULL),(3073,'caojian30','private','no',310,'2','123123','2015-09-05 21:16:40','caojian30',NULL),(3074,'caojian29','private','no',310,'2','123123','2015-09-05 21:16:40','caojian29',NULL),(3075,'caojian28','private','no',310,'2','123123','2015-09-05 21:16:40','caojian28',NULL),(3076,'caojian27','private','no',310,'2','123123','2015-09-05 21:16:40','caojian27',NULL),(3077,'caojian26','private','no',310,'2','123123','2015-09-05 21:16:40','caojian26',NULL),(3078,'caojian25','private','no',310,'2','123123','2015-09-05 21:16:40','caojian25',NULL),(3079,'caojian24','private','no',310,'2','123123','2015-09-05 21:16:40','caojian24',NULL),(3080,'caojian23','private','no',310,'2','123123','2015-09-05 21:16:40','caojian23',NULL),(3081,'caojian22','private','no',310,'2','123123','2015-09-05 21:16:40','caojian22',NULL),(3082,'caojian21','private','no',310,'2','123123','2015-09-05 21:16:40','caojian21',NULL),(3083,'caojian20','private','no',310,'2','123123','2015-09-05 21:16:40','caojian20',NULL),(3084,'caojian19','private','no',310,'2','123123','2015-09-05 21:16:40','caojian19',NULL),(3085,'caojian18','private','no',310,'2','123123','2015-09-05 21:16:40','caojian18',NULL),(3086,'caojian17','private','no',310,'2','123123','2015-09-05 21:16:40','caojian17',NULL),(3087,'caojian16','private','no',310,'2','123123','2015-09-05 21:16:40','caojian16',NULL),(3088,'caojian15','private','no',310,'2','123123','2015-09-05 21:16:40','caojian15',NULL),(3089,'caojian14','private','no',310,'2','123123','2015-09-05 21:16:40','caojian14',NULL),(3090,'caojian13','private','no',310,'2','123123','2015-09-05 21:16:40','caojian13',NULL),(3091,'caojian12','private','no',310,'2','123123','2015-09-05 21:16:40','caojian12',NULL),(3092,'caojian11','private','no',310,'2','123123','2015-09-05 21:16:40','caojian11',NULL),(3093,'caojian10','private','no',310,'2','123123','2015-09-05 21:16:40','caojian10',NULL),(3094,'caojian9','private','no',310,'2','123123','2015-09-05 21:16:40','caojian9',NULL),(3095,'caojian8','private','no',310,'2','123123','2015-09-05 21:16:40','caojian8',NULL),(3096,'caojian7','private','no',310,'2','123123','2015-09-05 21:16:40','caojian7',NULL),(3097,'caojian6','private','no',310,'2','123123','2015-09-05 21:16:40','caojian6',NULL),(3098,'caojian5','private','no',310,'2','123123','2015-09-05 21:16:40','caojian5',NULL),(3099,'caojian4','private','no',310,'2','123123','2015-09-05 21:16:40','caojian4',NULL),(3100,'caojian3','private','no',310,'2','123123','2015-09-05 21:16:40','caojian3',NULL),(3101,'caojian2','private','no',310,'2','123123','2015-09-05 21:16:40','caojian2',NULL),(3102,'caojian1','private','no',310,'2','123123','2015-09-05 21:16:40','caojian1',NULL),(3117,'13914736924','private','no',310,'LV1','4297f44b13955235245b2497399d7a93','2015-09-06 16:12:12',NULL,'D435CAE1A8758AF95B8518D8BD7F5E49'),(3118,'','private','no',310,'LV1','','2015-09-06 17:12:15',NULL,NULL),(3119,'','private','no',310,'LV1','','2015-09-06 17:14:14',NULL,NULL),(3121,'jj','private','no',310,'LV1','4297f44b13955235245b2497399d7a93','2015-09-07 22:37:29',NULL,NULL),(3122,'jj','private','no',310,'LV1','4297f44b13955235245b2497399d7a93','2015-09-07 22:39:31',NULL,NULL),(3123,'jj','private','no',310,'LV1','4297f44b13955235245b2497399d7a93','2015-09-07 22:40:20',NULL,NULL),(3124,'gg','private','no',310,'LV1','4297f44b13955235245b2497399d7a93','2015-09-07 22:40:42',NULL,'8CD35EBB6E7B5F0CB0C09D68C593CB08'),(3125,'','private','no',310,'LV1','4297f44b13955235245b2497399d7a93','2015-09-07 23:03:59',NULL,NULL),(3126,'','private','no',310,'LV1','4297f44b13955235245b2497399d7a93','2015-09-07 23:05:44',NULL,NULL),(3127,'','company','no',310,'LV1','123123','2015-09-07 23:05:52',NULL,NULL),(3128,'jj','private','no',310,'LV1','4297f44b13955235245b2497399d7a93','2015-09-07 23:19:30',NULL,'B0FB60AA65E0A50D6E953464BC5850E6'),(3129,'222','company','no',310,'LV1','123123','2015-09-07 23:20:28',NULL,NULL),(3130,'ali','private','no',310,'LV1','4297f44b13955235245b2497399d7a93','2015-09-10 21:03:16',NULL,'B99C2160E18AA36F1CDF45A12C3C0B44'),(3131,'南京红点金融信息服务有限公司','company','no',310,'LV1','4297f44b13955235245b2497399d7a93','2015-09-10 21:04:17',NULL,'B2A504946EE3126A15BB865A2252FB82');

/*Table structure for table `user_acct` */

DROP TABLE IF EXISTS `user_acct`;

CREATE TABLE `user_acct` (
  `ACCT_ID` bigint(20) NOT NULL,
  `USER_ID` bigint(20) DEFAULT NULL,
  `ACCT_TYPE` varchar(20) DEFAULT NULL,
  `VALUE` float DEFAULT NULL,
  `CREATE_DATE` date DEFAULT NULL,
  PRIMARY KEY (`ACCT_ID`)
) ENGINE=InnoDB DEFAULT CHARSET=utf8 COMMENT='用户帐户';

/*Data for the table `user_acct` */

insert  into `user_acct`(`ACCT_ID`,`USER_ID`,`ACCT_TYPE`,`VALUE`,`CREATE_DATE`) values (2,3104,'points',0,'2015-09-06'),(3,3104,'balance',0,'2015-09-06'),(4,3104,'deposit',0,'2015-09-06'),(5,3105,'points',0,'2015-09-06'),(6,3105,'balance',0,'2015-09-06'),(7,3105,'deposit',0,'2015-09-06'),(8,3106,'points',0,'2015-09-06'),(9,3106,'balance',0,'2015-09-06'),(10,3106,'deposit',0,'2015-09-06'),(11,3107,'points',0,'2015-09-06'),(12,3107,'balance',0,'2015-09-06'),(13,3107,'deposit',0,'2015-09-06'),(14,3108,'points',0,'2015-09-06'),(15,3108,'balance',0,'2015-09-06'),(16,3108,'deposit',0,'2015-09-06'),(17,3109,'points',0,'2015-09-06'),(18,3109,'balance',0,'2015-09-06'),(19,3109,'deposit',0,'2015-09-06'),(20,3110,'points',0,'2015-09-06'),(21,3110,'balance',0,'2015-09-06'),(22,3110,'deposit',0,'2015-09-06'),(23,3111,'points',0,'2015-09-06'),(24,3111,'balance',0,'2015-09-06'),(25,3111,'deposit',0,'2015-09-06'),(26,3112,'points',0,'2015-09-06'),(27,3112,'balance',0,'2015-09-06'),(28,3112,'deposit',0,'2015-09-06'),(29,3113,'points',0,'2015-09-06'),(30,3113,'balance',0,'2015-09-06'),(31,3113,'deposit',0,'2015-09-06'),(32,3114,'points',0,'2015-09-06'),(33,3114,'balance',0,'2015-09-06'),(34,3114,'deposit',0,'2015-09-06'),(35,3115,'points',0,'2015-09-06'),(36,3115,'balance',0,'2015-09-06'),(37,3115,'deposit',0,'2015-09-06'),(38,3116,'points',0,'2015-09-06'),(39,3116,'balance',0,'2015-09-06'),(40,3116,'deposit',0,'2015-09-06'),(41,3117,'points',0,'2015-09-06'),(42,3117,'balance',0,'2015-09-06'),(43,3117,'deposit',0,'2015-09-06'),(44,3118,'points',0,'2015-09-06'),(45,3118,'balance',0,'2015-09-06'),(46,3118,'deposit',0,'2015-09-06'),(47,3119,'points',0,'2015-09-06'),(48,3119,'balance',0,'2015-09-06'),(49,3119,'deposit',0,'2015-09-06'),(50,3121,'points',0,'2015-09-07'),(51,3121,'balance',0,'2015-09-07'),(52,3121,'deposit',0,'2015-09-07'),(53,3122,'points',0,'2015-09-07'),(54,3122,'balance',0,'2015-09-07'),(55,3122,'deposit',0,'2015-09-07'),(56,3123,'points',0,'2015-09-07'),(57,3123,'balance',0,'2015-09-07'),(58,3123,'deposit',0,'2015-09-07'),(59,3124,'points',0,'2015-09-07'),(60,3124,'balance',0,'2015-09-07'),(61,3124,'deposit',0,'2015-09-07'),(62,3125,'points',0,'2015-09-07'),(63,3125,'balance',0,'2015-09-07'),(64,3125,'deposit',0,'2015-09-07'),(65,3126,'points',0,'2015-09-07'),(66,3126,'balance',0,'2015-09-07'),(67,3126,'deposit',0,'2015-09-07'),(68,3127,'points',0,'2015-09-07'),(69,3127,'balance',0,'2015-09-07'),(70,3127,'deposit',0,'2015-09-07'),(71,3128,'points',0,'2015-09-07'),(72,3128,'balance',0,'2015-09-07'),(73,3128,'deposit',0,'2015-09-07'),(74,3129,'points',0,'2015-09-07'),(75,3129,'balance',0,'2015-09-07'),(76,3129,'deposit',0,'2015-09-07'),(77,3130,'points',0,'2015-09-10'),(78,3130,'balance',0,'2015-09-10'),(79,3130,'deposit',0,'2015-09-10'),(80,3131,'points',0,'2015-09-10'),(81,3131,'balance',0,'2015-09-10'),(82,3131,'deposit',0,'2015-09-10');

/*Table structure for table `user_acct_his` */

DROP TABLE IF EXISTS `user_acct_his`;

CREATE TABLE `user_acct_his` (
  `ACCT_ID` bigint(20) DEFAULT NULL,
  `ACCT_HISID` bigint(20) NOT NULL,
  `VALUE` float DEFAULT NULL,
  `VALUE_OPTYPE` varchar(20) DEFAULT NULL,
  `CREATE_DATE` datetime DEFAULT NULL,
  `REMARK` varchar(256) DEFAULT NULL,
  `REL_ORDER_ID` varchar(256) DEFAULT NULL,
  PRIMARY KEY (`ACCT_HISID`)
) ENGINE=InnoDB DEFAULT CHARSET=utf8 COMMENT='用户帐户变动记录';

/*Data for the table `user_acct_his` */

/*Table structure for table `user_album` */

DROP TABLE IF EXISTS `user_album`;

CREATE TABLE `user_album` (
  `ALBUM_ID` bigint(20) NOT NULL,
  `USER_ID` bigint(20) DEFAULT NULL,
  `ALBUM_NAME` varchar(256) DEFAULT NULL,
  `CREATE_DATE` datetime DEFAULT NULL,
  `ALBUM_TYPE` varchar(20) DEFAULT NULL COMMENT 'identify认证,normal普通',
  PRIMARY KEY (`ALBUM_ID`)
) ENGINE=InnoDB DEFAULT CHARSET=utf8 COMMENT='用户相册';

/*Data for the table `user_album` */

insert  into `user_album`(`ALBUM_ID`,`USER_ID`,`ALBUM_NAME`,`CREATE_DATE`,`ALBUM_TYPE`) values (33,3117,'default','2015-09-21 20:12:09','default');

/*Table structure for table `user_album_photo` */

DROP TABLE IF EXISTS `user_album_photo`;

CREATE TABLE `user_album_photo` (
  `PHOTO_ID` bigint(20) NOT NULL,
  `ALBUM_ID` bigint(20) NOT NULL,
  `PHOTO_NAME` varchar(256) DEFAULT NULL,
  `PHOTO_PATH` varchar(256) DEFAULT NULL,
  `CREATE_DATE` datetime NOT NULL,
  `PHOTO_DATA` text NOT NULL,
  PRIMARY KEY (`PHOTO_ID`)
) ENGINE=InnoDB DEFAULT CHARSET=utf8 COMMENT='用户相册内照片';

/*Data for the table `user_album_photo` */

insert  into `user_album_photo`(`PHOTO_ID`,`ALBUM_ID`,`PHOTO_NAME`,`PHOTO_PATH`,`CREATE_DATE`,`PHOTO_DATA`) values (1,-1,NULL,NULL,'2015-09-21 21:59:56','data%3Aimage%2Fpng%3Bbase64%2CiVBORw0KGgoAAAANSUhEUgAAAFYAAABWCAIAAADaNPagAAAAGXRFWHRTb2Z0d2FyZQBBZG9iZSBJbWFnZVJlYWR5ccllPAAAAyJpVFh0WE1MOmNvbS5hZG9iZS54bXAAAAAAADw%2FeHBhY2tldCBiZWdpbj0i77u%2FIiBpZD0iVzVNME1wQ2VoaUh6cmVTek5UY3prYzlkIj8%2BIDx4OnhtcG1ldGEgeG1sbnM6eD0iYWRvYmU6bnM6bWV0YS8iIHg6eG1wdGs9IkFkb2JlIFhNUCBDb3JlIDUuMy1jMDExIDY2LjE0NTY2MSwgMjAxMi8wMi8wNi0xNDo1NjoyNyAgICAgICAgIj4gPHJkZjpSREYgeG1sbnM6cmRmPSJodHRwOi8vd3d3LnczLm9yZy8xOTk5LzAyLzIyLXJkZi1zeW50YXgtbnMjIj4gPHJkZjpEZXNjcmlwdGlvbiByZGY6YWJvdXQ9IiIgeG1sbnM6eG1wPSJodHRwOi8vbnMuYWRvYmUuY29tL3hhcC8xLjAvIiB4bWxuczp4bXBNTT0iaHR0cDovL25zLmFkb2JlLmNvbS94YXAvMS4wL21tLyIgeG1sbnM6c3RSZWY9Imh0dHA6Ly9ucy5hZG9iZS5jb20veGFwLzEuMC9zVHlwZS9SZXNvdXJjZVJlZiMiIHhtcDpDcmVhdG9yVG9vbD0iQWRvYmUgUGhvdG9zaG9wIENTNiAoV2luZG93cykiIHhtcE1NOkluc3RhbmNlSUQ9InhtcC5paWQ6MTNCMkRBM0U2RDQ2MTFFNDk4MkZBNUQzMDFBQjQ3MjciIHhtcE1NOkRvY3VtZW50SUQ9InhtcC5kaWQ6MTNCMkRBM0Y2RDQ2MTFFNDk4MkZBNUQzMDFBQjQ3MjciPiA8eG1wTU06RGVyaXZlZEZyb20gc3RSZWY6aW5zdGFuY2VJRD0ieG1wLmlpZDoxMzZDQ0Y5MDZENDYxMUU0OTgyRkE1RDMwMUFCNDcyNyIgc3RSZWY6ZG9jdW1lbnRJRD0ieG1wLmRpZDoxMzZDQ0Y5MTZENDYxMUU0OTgyRkE1RDMwMUFCNDcyNyIvPiA8L3JkZjpEZXNjcmlwdGlvbj4gPC9yZGY6UkRGPiA8L3g6eG1wbWV0YT4gPD94cGFja2V0IGVuZD0iciI%2FPoL5vQMAAAuSSURBVHja7FxZc1TXGew7i2akkWbRvi9IaDMIQQEmJmCbJHbKVNnYIXal8pClkj%2BRl%2FyNVGV7SiUph8RxHDspB2xiO7GxzWIsEFqQhCQkjZbRNprROum%2BY2QeKNByRgzxnFKpBoTuvadPf9%2FX%2FZ1zsRKJBL7aw4Gv%2FMhAkIEgA0EGggwEGQgyEHwxXDt1owTWVrCyiLUlrC7rc2JNX5alZXA4YDnhcMGZBadHHyzH%2Fx0EyzFEwxi7iMkuRG5iIYx4RH%2FJCbu88AbgDcFfifwmlLQjtxxe%2F45BYKVWIK8uaarhzzDVjckbmOlHdBTRccRnsBITHbjaRMGdjSwfskPwlcJfi1A9ilpQ3IbsAgH0yEKQ0Py58uPXcOMMhv6LiWtwekV11zrVLfsf2hGRWNW%2FX11UsARqUfkEWk6jsBX%2BCmGUyrhIGQScTPgabr6FzjOYv434rEApbUdRm5Y3rwyegFZ4bRXLUcSnEZtCpAdjlzF6USjwp5x89ZNoOqXfyvI%2FarmAbA9%2Fju43tPjkf145Sg6gpA2FLfDXKOY9Qbhz4HRr8VeWsLKApSgWxlB%2BCBPXxZfxzxU7ywtYnEEsgtI2BOoeFQgSWsPJbvS8ic5XsTCJ7HxNrO5Z7HpGse1M3tH68gHIc08efECoDmWHRAcC1%2F0aBt7FtJ07kiHjK1EcpSAiTEPA%2BZPJXX9Fx%2B8Rm0SgBrVPY9%2BPkN8objucd03%2BHlGpHEHIap5EsEbkHzgvOvBqa8vIDqYoIoxCwHw2P4Lu13HrXcSnkF%2BPmhNoeglFrcgKbFisueANwtWI5u%2FAnatIYREd%2FkgIevOR32C8RhiFYHFWZb%2F3nwpjcr7qGBqeQ903tvRcOag%2BLjiWZrE8j9lBRVbl11U48yrSGIKJTnT%2BSUTIKUbVE2j7gdZ%2FO6N4r9acxWXwfczZ%2FGJBNQ2Bw1gWZEqf6sTge8rhpGvjC8r%2FntC2rpqVh4JGNJxEcbuqxvCHCF8R16gj0g4Cav6FcUT6FQLMavm7VdKNpC5XNiqPomSvgmK6D5O9iI4pO6YdBCoEnyLSrQpXdtDWtvl2%2Ft%2B%2BdnMqO5JQFUeQlYv5IYxcwNJc%2BkHAcJ24gbkhhS5LFwOBi3a%2F%2BrepZ3Qhr1KSgT4iqbgpmdIxEGSBwrIABS16YrOD%2BZV%2BgWWCpovhRtIhkX4QREf0fFqxCkWB2eHxw18lfBkCjAXezhTFjEHAFE3%2FS35SwFLDuH2mFZxXDQWHGytxeSrqpbRjASGQ%2F1%2FSBZnDuVyGa7dbtor4shbwRulYFB%2FlYQgCa33x1%2BlgdHDxGWVcfNKBNzLqF81BQCXHh%2BNTMmMtx8w3YCgKmQXlrP0SC2kHAVVQbqkyFp9y7rZsotnB%2BVN0kFyePDVXne40hMCNYB1yS%2FSUE9dk7Ay3ocIIX8VK1PbL9bZfTreiyCwQalD%2Fl4wdvyoxr7plyoKtqfs4dglLC8gpUKPdaMvAFAQe9f%2BDu6TbRj5V4zAWsQWMEcURURti%2BCM1DnIrUHrQrO4wFwgUxTS2dAfyCx0YeEfdDgMGbEHNAnqw5ajacAVNCFQL8fSrCBY8uYrSssMqDZGb6H0LM4Pb9TPUgkyufW9jvEPbLSUHUNSsjJiORTE56GRaTiO3TPtl%2Fedw5TcY%2BmBbFwx%2Fhku%2Fws231UrOLkTj8yh73Lg0Mto4Y7ou3otdz6L%2FrDq%2F%2Ff%2BSUmINLz%2B46fYJ9dXtj7X%2Bvf9QfSH5655RuvEVpzcErAtUBw0nFcCMhYkuW8xbaqWGdtki37mh%2FMf5zw2j5%2B%2BCkiWWya94nygQqErFFqPpfQR1jfbbO%2Bir6PoLpgfQ9brEQs0J1J5Q%2F8fhenD%2BH%2FkE3X8T%2FwkE59%2F4AuqfQ%2FlhtUxSMExDIKXsR%2FEeeVmSYtjeTWV1mB1W57OwGXn2hpp2Cu4YyqT5o9eOjqrvMtFpb6hdVSeaVabiCJpeROle6eLUjNTsKfrKUB0SFszesUn1vxkXZHXF44pnJvYkCirvlqKG86f%2BnbiOkY9V%2F%2BkyCFBOIaqOovUV%2FZYngJSNVG6us5JP3xKrr7%2Bq3M5JunNFZs6c608pkaxtJD9FFIOFXFia1%2Fw5%2BaK9aP0uSg9IaLDKGvVFO8ICygH11HvVU6e2Z0hT2MlEzt7RS9adto91j%2F4PsYiOSGWqRzSFYINASVkgGGUBJ8nF5OKT%2BYznwfd0smb8mrbPLVtB6supJeX6rx%2BxIAR8huQpiwTpsKLswD%2B6shCsV0GtPI7CJp27yLLpY5oRRiFgMp%2FqQe%2BbGLkoCLQduKBDFP5qFXY6CH7PKZLIUXPB%2B2U6XI5jeU6%2FHh2TCpi5hembmBkQOowa5hTtux9G%2FbclkE1LAxMQJOywJ%2BGZ829%2FgvBlSePFaR0ZCtQpmPmBJlKTL9DkKaU5fzHCDkNipKKwiJV5HUYhEAyi%2BTGhwCQa6dGX04tgtRJE6f4vtmrUOHGkRy4gexdnVf973lDxYwAne1ucdvWTSumVR3XK5D7GRkB4tFOEAqzHu1ovwxi9pGtyqiyQ5BdLhtLqMBxZ8iPqKbseNgs4%2F2gYA%2BfQ8QcxPzquGC4%2FhJqnJZPp7T1B1UUR3tp0QVldVhKNT%2BuoytB%2FJBYpmZlrfIUyIxRLzS8pKBzuh8eCpagIz8UfPC%2F%2Bc0GK21XGmMDoFApb7PbWlns7ln0MM1%2B%2BI69KIoLSm5pi7IqwHr2sYkH21Z%2BU9N7eIcWtQsDopY0d%2BhAdv1PEcrZFe1D7Lex%2BHqEauE02tnRxJpRgrbYV%2B86i688KEGZcPoDbbqXSQTu3voW5pUDg%2FCOD6HoNV38rG0vCk%2Fz7fqoDFSzgOiZowfywDzLGItIal3%2BpoGDJ8Neg8RT2%2FRjBrTuozbMg2ca4%2Fkc5Wc4%2FrwLVx%2BRkyg%2BItCk8I2kJXF%2BJHOee72ujldWX1mPgrELmsVdEE%2F5oJyCITWHsKrrO6GQdtUrFYR0ookFOycrfsz3l1%2Fk9Z7bqLpdh8oY0dcFutZWCdamHgFn69gVc%2BoXiPzskA9v%2BEyW%2FnZn%2F3Ywoa5e%2BYBQPfaAyeeXXktVtP9xCUtgMb3kP2rhb56WCKNrKj6D1e%2FLF3hB2flAyFjSi%2BbQKMH3kxA3p8cH3t9Cz3TAL1MyYVuARBX6gROO9GQKuLDysQd9Z900tDEOSLptlIrdMGpx%2FvxkfsWEWLM7oTn3nVJap5BpOoeJrcLlNFr%2Bt1EuXxHLzy5LezM39Z7XjwKqRkkCY7lM7lN91mmg%2FKg8pAz%2F8vXlLK8%2BUXHZAuYk6Xe3GjhRAQCFAid7%2FjjxMXiUqjyG%2FbidfHLlvUvAhVK33F%2BhKluYx%2BG8VLJ3KS5iDgJebHRL%2FtbG5gKLH0PqyDG%2F6DLrPphcVmNrRtPuOtNsbPuOwAQi0TWj7%2F7W4kjAlYKDK%2FFGa7Yzkdl5hs5aHZTLSi%2BELYoQ5CGLKt0nTTiFAlybnayGtBn1EcJfCgcZ0dlCd6w0fz3wQBKyFi%2FOqN5E%2BdQGqnxLSVprNPzlCdaqR1Ajzt9Wzjc%2BoGWMAAmI5N6QOPwdLbkGz%2Bj%2FpObwFOvUZqBVJ50eVv6hfDEDAq8z0K66Ycsg0X%2FHWrMhODFZrX5HdPshX2p69hdi4CQhiE5jsVDrIztf58tS%2FNbjtjFCn5grLwVSXHK0JFswou%2FCKFB7Ber0Rkc6DpSFQoz6tWo9D2sgyAMHyvOKK0oC2JK9cfcu0hsCl82gkrM5EhyXqDUCwOKcESxZQhOk1OXdaQ0B3RAqwKBACrlw8YgKC5LFnVheKAm8wpXt7JiBwqKHChK1aPrPBYz4PgmD95Cvl4CZN6MOBwOXTamlTN2a%2FtmAAghURQYd%2FXcqFVnof26Zm40PqPeAEVuMbfIXpQS0TKuKjP9OWCT%2B4PGmqC%2B%2F2zpx%2F1VEc%2F7lWq3xDZ7Me2ES3t32THHtkxvozWxvxMlbm%2FzjLvJKRgSADQQaCDAQZCDIQZCDIQLA%2B%2FifAAOSvwh15tVJtAAAAAElFTkSuQmCC'),(34,33,NULL,NULL,'2015-09-21 21:59:56','data%3Aimage%2Fpng%3Bbase64%2CiVBORw0KGgoAAAANSUhEUgAAAFYAAABWCAIAAADaNPagAAAAGXRFWHRTb2Z0d2FyZQBBZG9iZSBJbWFnZVJlYWR5ccllPAAAAyJpVFh0WE1MOmNvbS5hZG9iZS54bXAAAAAAADw%2FeHBhY2tldCBiZWdpbj0i77u%2FIiBpZD0iVzVNME1wQ2VoaUh6cmVTek5UY3prYzlkIj8%2BIDx4OnhtcG1ldGEgeG1sbnM6eD0iYWRvYmU6bnM6bWV0YS8iIHg6eG1wdGs9IkFkb2JlIFhNUCBDb3JlIDUuMy1jMDExIDY2LjE0NTY2MSwgMjAxMi8wMi8wNi0xNDo1NjoyNyAgICAgICAgIj4gPHJkZjpSREYgeG1sbnM6cmRmPSJodHRwOi8vd3d3LnczLm9yZy8xOTk5LzAyLzIyLXJkZi1zeW50YXgtbnMjIj4gPHJkZjpEZXNjcmlwdGlvbiByZGY6YWJvdXQ9IiIgeG1sbnM6eG1wPSJodHRwOi8vbnMuYWRvYmUuY29tL3hhcC8xLjAvIiB4bWxuczp4bXBNTT0iaHR0cDovL25zLmFkb2JlLmNvbS94YXAvMS4wL21tLyIgeG1sbnM6c3RSZWY9Imh0dHA6Ly9ucy5hZG9iZS5jb20veGFwLzEuMC9zVHlwZS9SZXNvdXJjZVJlZiMiIHhtcDpDcmVhdG9yVG9vbD0iQWRvYmUgUGhvdG9zaG9wIENTNiAoV2luZG93cykiIHhtcE1NOkluc3RhbmNlSUQ9InhtcC5paWQ6MTNCMkRBM0U2RDQ2MTFFNDk4MkZBNUQzMDFBQjQ3MjciIHhtcE1NOkRvY3VtZW50SUQ9InhtcC5kaWQ6MTNCMkRBM0Y2RDQ2MTFFNDk4MkZBNUQzMDFBQjQ3MjciPiA8eG1wTU06RGVyaXZlZEZyb20gc3RSZWY6aW5zdGFuY2VJRD0ieG1wLmlpZDoxMzZDQ0Y5MDZENDYxMUU0OTgyRkE1RDMwMUFCNDcyNyIgc3RSZWY6ZG9jdW1lbnRJRD0ieG1wLmRpZDoxMzZDQ0Y5MTZENDYxMUU0OTgyRkE1RDMwMUFCNDcyNyIvPiA8L3JkZjpEZXNjcmlwdGlvbj4gPC9yZGY6UkRGPiA8L3g6eG1wbWV0YT4gPD94cGFja2V0IGVuZD0iciI%2FPoL5vQMAAAuSSURBVHja7FxZc1TXGew7i2akkWbRvi9IaDMIQQEmJmCbJHbKVNnYIXal8pClkj%2BRl%2FyNVGV7SiUph8RxHDspB2xiO7GxzWIsEFqQhCQkjZbRNprROum%2BY2QeKNByRgzxnFKpBoTuvadPf9%2FX%2FZ1zsRKJBL7aw4Gv%2FMhAkIEgA0EGggwEGQgyEHwxXDt1owTWVrCyiLUlrC7rc2JNX5alZXA4YDnhcMGZBadHHyzH%2Fx0EyzFEwxi7iMkuRG5iIYx4RH%2FJCbu88AbgDcFfifwmlLQjtxxe%2F45BYKVWIK8uaarhzzDVjckbmOlHdBTRccRnsBITHbjaRMGdjSwfskPwlcJfi1A9ilpQ3IbsAgH0yEKQ0Py58uPXcOMMhv6LiWtwekV11zrVLfsf2hGRWNW%2FX11UsARqUfkEWk6jsBX%2BCmGUyrhIGQScTPgabr6FzjOYv434rEApbUdRm5Y3rwyegFZ4bRXLUcSnEZtCpAdjlzF6USjwp5x89ZNoOqXfyvI%2FarmAbA9%2Fju43tPjkf145Sg6gpA2FLfDXKOY9Qbhz4HRr8VeWsLKApSgWxlB%2BCBPXxZfxzxU7ywtYnEEsgtI2BOoeFQgSWsPJbvS8ic5XsTCJ7HxNrO5Z7HpGse1M3tH68gHIc08efECoDmWHRAcC1%2F0aBt7FtJ07kiHjK1EcpSAiTEPA%2BZPJXX9Fx%2B8Rm0SgBrVPY9%2BPkN8objucd03%2BHlGpHEHIap5EsEbkHzgvOvBqa8vIDqYoIoxCwHw2P4Lu13HrXcSnkF%2BPmhNoeglFrcgKbFisueANwtWI5u%2FAnatIYREd%2FkgIevOR32C8RhiFYHFWZb%2F3nwpjcr7qGBqeQ903tvRcOag%2BLjiWZrE8j9lBRVbl11U48yrSGIKJTnT%2BSUTIKUbVE2j7gdZ%2FO6N4r9acxWXwfczZ%2FGJBNQ2Bw1gWZEqf6sTge8rhpGvjC8r%2FntC2rpqVh4JGNJxEcbuqxvCHCF8R16gj0g4Cav6FcUT6FQLMavm7VdKNpC5XNiqPomSvgmK6D5O9iI4pO6YdBCoEnyLSrQpXdtDWtvl2%2Ft%2B%2BdnMqO5JQFUeQlYv5IYxcwNJc%2BkHAcJ24gbkhhS5LFwOBi3a%2F%2BrepZ3Qhr1KSgT4iqbgpmdIxEGSBwrIABS16YrOD%2BZV%2BgWWCpovhRtIhkX4QREf0fFqxCkWB2eHxw18lfBkCjAXezhTFjEHAFE3%2FS35SwFLDuH2mFZxXDQWHGytxeSrqpbRjASGQ%2F1%2FSBZnDuVyGa7dbtor4shbwRulYFB%2FlYQgCa33x1%2BlgdHDxGWVcfNKBNzLqF81BQCXHh%2BNTMmMtx8w3YCgKmQXlrP0SC2kHAVVQbqkyFp9y7rZsotnB%2BVN0kFyePDVXne40hMCNYB1yS%2FSUE9dk7Ay3ocIIX8VK1PbL9bZfTreiyCwQalD%2Fl4wdvyoxr7plyoKtqfs4dglLC8gpUKPdaMvAFAQe9f%2BDu6TbRj5V4zAWsQWMEcURURti%2BCM1DnIrUHrQrO4wFwgUxTS2dAfyCx0YeEfdDgMGbEHNAnqw5ajacAVNCFQL8fSrCBY8uYrSssMqDZGb6H0LM4Pb9TPUgkyufW9jvEPbLSUHUNSsjJiORTE56GRaTiO3TPtl%2Fedw5TcY%2BmBbFwx%2Fhku%2Fws231UrOLkTj8yh73Lg0Mto4Y7ou3otdz6L%2FrDq%2F%2Ff%2BSUmINLz%2B46fYJ9dXtj7X%2Bvf9QfSH5655RuvEVpzcErAtUBw0nFcCMhYkuW8xbaqWGdtki37mh%2FMf5zw2j5%2B%2BCkiWWya94nygQqErFFqPpfQR1jfbbO%2Bir6PoLpgfQ9brEQs0J1J5Q%2F8fhenD%2BH%2FkE3X8T%2FwkE59%2F4AuqfQ%2FlhtUxSMExDIKXsR%2FEeeVmSYtjeTWV1mB1W57OwGXn2hpp2Cu4YyqT5o9eOjqrvMtFpb6hdVSeaVabiCJpeROle6eLUjNTsKfrKUB0SFszesUn1vxkXZHXF44pnJvYkCirvlqKG86f%2BnbiOkY9V%2F%2BkyCFBOIaqOovUV%2FZYngJSNVG6us5JP3xKrr7%2Bq3M5JunNFZs6c608pkaxtJD9FFIOFXFia1%2Fw5%2BaK9aP0uSg9IaLDKGvVFO8ICygH11HvVU6e2Z0hT2MlEzt7RS9adto91j%2F4PsYiOSGWqRzSFYINASVkgGGUBJ8nF5OKT%2BYznwfd0smb8mrbPLVtB6supJeX6rx%2BxIAR8huQpiwTpsKLswD%2B6shCsV0GtPI7CJp27yLLpY5oRRiFgMp%2FqQe%2BbGLkoCLQduKBDFP5qFXY6CH7PKZLIUXPB%2B2U6XI5jeU6%2FHh2TCpi5hembmBkQOowa5hTtux9G%2FbclkE1LAxMQJOywJ%2BGZ829%2FgvBlSePFaR0ZCtQpmPmBJlKTL9DkKaU5fzHCDkNipKKwiJV5HUYhEAyi%2BTGhwCQa6dGX04tgtRJE6f4vtmrUOHGkRy4gexdnVf973lDxYwAne1ucdvWTSumVR3XK5D7GRkB4tFOEAqzHu1ovwxi9pGtyqiyQ5BdLhtLqMBxZ8iPqKbseNgs4%2F2gYA%2BfQ8QcxPzquGC4%2FhJqnJZPp7T1B1UUR3tp0QVldVhKNT%2BuoytB%2FJBYpmZlrfIUyIxRLzS8pKBzuh8eCpagIz8UfPC%2F%2Bc0GK21XGmMDoFApb7PbWlns7ln0MM1%2B%2BI69KIoLSm5pi7IqwHr2sYkH21Z%2BU9N7eIcWtQsDopY0d%2BhAdv1PEcrZFe1D7Lex%2BHqEauE02tnRxJpRgrbYV%2B86i688KEGZcPoDbbqXSQTu3voW5pUDg%2FCOD6HoNV38rG0vCk%2Fz7fqoDFSzgOiZowfywDzLGItIal3%2BpoGDJ8Neg8RT2%2FRjBrTuozbMg2ca4%2Fkc5Wc4%2FrwLVx%2BRkyg%2BItCk8I2kJXF%2BJHOee72ujldWX1mPgrELmsVdEE%2F5oJyCITWHsKrrO6GQdtUrFYR0ookFOycrfsz3l1%2Fk9Z7bqLpdh8oY0dcFutZWCdamHgFn69gVc%2BoXiPzskA9v%2BEyW%2FnZn%2F3Ywoa5e%2BYBQPfaAyeeXXktVtP9xCUtgMb3kP2rhb56WCKNrKj6D1e%2FLF3hB2flAyFjSi%2BbQKMH3kxA3p8cH3t9Cz3TAL1MyYVuARBX6gROO9GQKuLDysQd9Z900tDEOSLptlIrdMGpx%2FvxkfsWEWLM7oTn3nVJap5BpOoeJrcLlNFr%2Bt1EuXxHLzy5LezM39Z7XjwKqRkkCY7lM7lN91mmg%2FKg8pAz%2F8vXlLK8%2BUXHZAuYk6Xe3GjhRAQCFAid7%2FjjxMXiUqjyG%2FbidfHLlvUvAhVK33F%2BhKluYx%2BG8VLJ3KS5iDgJebHRL%2FtbG5gKLH0PqyDG%2F6DLrPphcVmNrRtPuOtNsbPuOwAQi0TWj7%2F7W4kjAlYKDK%2FFGa7Yzkdl5hs5aHZTLSi%2BELYoQ5CGLKt0nTTiFAlybnayGtBn1EcJfCgcZ0dlCd6w0fz3wQBKyFi%2FOqN5E%2BdQGqnxLSVprNPzlCdaqR1Ajzt9Wzjc%2BoGWMAAmI5N6QOPwdLbkGz%2Bj%2FpObwFOvUZqBVJ50eVv6hfDEDAq8z0K66Ycsg0X%2FHWrMhODFZrX5HdPshX2p69hdi4CQhiE5jsVDrIztf58tS%2FNbjtjFCn5grLwVSXHK0JFswou%2FCKFB7Ber0Rkc6DpSFQoz6tWo9D2sgyAMHyvOKK0oC2JK9cfcu0hsCl82gkrM5EhyXqDUCwOKcESxZQhOk1OXdaQ0B3RAqwKBACrlw8YgKC5LFnVheKAm8wpXt7JiBwqKHChK1aPrPBYz4PgmD95Cvl4CZN6MOBwOXTamlTN2a%2FtmAAghURQYd%2FXcqFVnof26Zm40PqPeAEVuMbfIXpQS0TKuKjP9OWCT%2B4PGmqC%2B%2F2zpx%2F1VEc%2F7lWq3xDZ7Me2ES3t32THHtkxvozWxvxMlbm%2FzjLvJKRgSADQQaCDAQZCDIQZCDIQLA%2B%2FifAAOSvwh15tVJtAAAAAElFTkSuQmCC');

/*Table structure for table `user_char` */

DROP TABLE IF EXISTS `user_char`;

CREATE TABLE `user_char` (
  `USER_CHAR_ID` bigint(20) NOT NULL,
  `USER_ID` bigint(20) DEFAULT NULL,
  `CHAR_ID` bigint(20) DEFAULT NULL,
  `VALUE` text,
  `CREATE_DATE` datetime DEFAULT NULL,
  PRIMARY KEY (`USER_CHAR_ID`)
) ENGINE=InnoDB DEFAULT CHARSET=utf8 COMMENT='用户特征';

/*Data for the table `user_char` */

insert  into `user_char`(`USER_CHAR_ID`,`USER_ID`,`CHAR_ID`,`VALUE`,`CREATE_DATE`) values (10,3117,1,'13914736924','2015-09-06 16:12:12'),(11,3118,1,'','2015-09-06 17:12:15'),(12,3124,1,'13914736922','2015-09-07 22:40:43'),(13,3128,1,'13914736923','2015-09-07 23:19:31'),(14,3130,1,'13813823312',NULL),(15,3131,1,'13813823311',NULL),(16,3131,4,'秦淮区汉中路1号国际金融中心801室',NULL),(17,3131,8,'51100',NULL),(18,3131,9,'exhibition',NULL),(49,3131,3,'13813823311@qq.com',NULL),(50,3131,6,'http://www.hongdiancaifu.com/',NULL),(53,3131,10,'南京红点金融信息服务有限公司',NULL),(54,3131,28,' 红点金融信息服务有限公司，（简称“红点财富”）是一家第三方财富管理行业的新锐企业, 注册资本人民币五千万元，总部位于江苏南京新街口商业中心。公司拥有一支具备多年行业管理运营经验的高素质团队，集财富管理、信用风险评估与管理、信用数据整合服务、小额借款行业投资、P2P等业务于一体，秉承诚信、专业、创新经营理念，根据客户的家庭结构情况，财务数据状况，风险承受能力等不同因素，为客户量身定制合适的投资理财规划。\n红点财富拥有完善的风控体系和远远高于行业标准的风险控制技术。每一笔资金出借之前，红点财富金融安全中心千余名的风险控制人员会对借款人进行百分之百地实地考察和面对面的信用审核。以全面审核、彻底排查、确凿数据、多方征信四重保护以确保投资人的资金安全。\n红点财富以雄厚的实力，专业的团队，科学的管理，优质的服务为广大客户提供安全、稳定、专业的财富管理与财富增值规划，并致力于成为永远值得客户信赖的理财专家，与您共谋发展！\n公司已在江阴、宜兴、淮安、南京开设分公司，未来布局在全国范围内开设分公司，现公司高速发展，急需各类金融精英 、专业人才的加入。',NULL),(55,3117,10,'13914736924',NULL),(56,3117,3,'13914736924@qq.com',NULL),(57,3117,2,'male',NULL),(58,3117,21,'32',NULL);

/*Table structure for table `user_char_value` */

DROP TABLE IF EXISTS `user_char_value`;

CREATE TABLE `user_char_value` (
  `USER_CHAR_VALUE_ID` bigint(20) NOT NULL,
  `USER_CHAR_ID` bigint(20) DEFAULT NULL,
  `CHAR_VALUE_ID` varchar(256) DEFAULT NULL,
  `CREATE_DATE` datetime DEFAULT NULL,
  PRIMARY KEY (`USER_CHAR_VALUE_ID`)
) ENGINE=InnoDB DEFAULT CHARSET=utf8 COMMENT='用户特征枚举取值';

/*Data for the table `user_char_value` */

/*Table structure for table `user_focus` */

DROP TABLE IF EXISTS `user_focus`;

CREATE TABLE `user_focus` (
  `FOCUS_ID` bigint(20) NOT NULL,
  `USER_ID` bigint(20) DEFAULT NULL,
  `PROD_ID` bigint(20) DEFAULT NULL,
  `CREATE_DATE` datetime DEFAULT NULL,
  PRIMARY KEY (`FOCUS_ID`)
) ENGINE=InnoDB DEFAULT CHARSET=utf8 COMMENT='用户关注';

/*Data for the table `user_focus` */

insert  into `user_focus`(`FOCUS_ID`,`USER_ID`,`PROD_ID`,`CREATE_DATE`) values (34,3131,34,'2015-09-14 21:53:47'),(36,3117,38,'2015-09-18 21:16:37'),(37,3117,36,'2015-09-18 21:16:45'),(38,3117,34,'2015-09-22 13:11:09');

/*Table structure for table `user_position` */

DROP TABLE IF EXISTS `user_position`;

CREATE TABLE `user_position` (
  `USER_ID` bigint(20) NOT NULL,
  `LATITUDE` varchar(20) NOT NULL,
  `LONGITUDE` varchar(20) NOT NULL,
  `CREATE_DATE` datetime NOT NULL,
  `CITY_NAME` varchar(20) NOT NULL,
  `POSITION_ID` bigint(20) NOT NULL,
  PRIMARY KEY (`POSITION_ID`)
) ENGINE=InnoDB DEFAULT CHARSET=utf8;

/*Data for the table `user_position` */

insert  into `user_position`(`USER_ID`,`LATITUDE`,`LONGITUDE`,`CREATE_DATE`,`CITY_NAME`,`POSITION_ID`) values (3117,'32.0572355','118.77807441','2015-09-19 20:13:13','åäº¬å¸',2),(3117,'32.0572355','118.77807441','2015-09-19 20:13:36','åäº¬å¸',3),(3117,'32.0572355','118.77807441','2015-09-19 20:14:52','åäº¬å¸',4),(3117,'32.0572355','118.77807441','2015-09-19 20:15:44','åäº¬å¸',5),(3117,'32.0572355','118.77807441','2015-09-19 20:16:36','åäº¬å¸',6),(3117,'32.0572355','118.77807441','2015-09-19 20:19:31','åäº¬å¸',7),(3117,'32.0572355','118.77807441','2015-09-19 20:30:04','åäº¬å¸',8),(3117,'32.0572355','118.77807441','2015-09-19 20:31:11','åäº¬å¸',9),(3117,'32.0572355','118.77807441','2015-09-19 20:31:46','åäº¬å¸',10),(3117,'32.0572355','118.77807441','2015-09-19 20:32:35','åäº¬å¸',11),(3117,'32.0572355','118.77807441','2015-09-19 20:38:04','åäº¬å¸',12),(3117,'32.0572355','118.77807441','2015-09-18 20:44:40','åäº¬å¸',13),(3117,'32.0572355','118.77807441','2015-09-18 20:48:35','南京市',14),(3117,'32.0572355','118.77807441','2015-09-18 20:50:12','南京市',15),(3117,'32.0572355','118.77807441','2015-09-18 20:55:11','南京市',16),(3117,'32.0572355','118.77807441','2015-09-18 20:57:02','南京市',17),(3117,'32.0572355','118.77807441','2015-09-18 20:58:25','南京市',18),(3131,'32.0572355','118.77807441','2015-09-18 20:59:13','南京市',19),(3131,'32.0572355','118.77807441','2015-09-18 21:09:02','南京市',20),(3117,'32.0572355','118.77807441','2015-09-18 21:12:43','南京市',21),(3117,'32.0572355','118.77807441','2015-09-18 21:15:33','南京市',22),(3131,'32.0572355','118.77807441','2015-09-18 21:17:05','南京市',23),(3131,'32.0572355','118.77807441','2015-09-18 21:19:11','南京市',24),(3131,'32.0572355','118.77807441','2015-09-18 21:19:48','南京市',25),(3131,'32.0572355','118.77807441','2015-09-18 21:22:14','南京市',26),(3131,'32.0572355','118.77807441','2015-09-18 21:28:24','南京市',27),(3131,'32.0572355','118.77807441','2015-09-18 21:29:53','南京市',28),(3131,'32.0572355','118.77807441','2015-09-18 21:34:31','南京市',29),(3131,'32.0572355','118.77807441','2015-09-18 21:35:08','南京市',30),(3131,'32.0572355','118.77807441','2015-09-18 21:36:56','南京市',31),(3131,'32.0572355','118.77807441','2015-09-18 21:37:47','南京市',32),(3131,'32.0572355','118.77807441','2015-09-18 21:43:21','南京市',33),(3131,'32.0572355','118.77807441','2015-09-18 21:50:19','南京市',34),(3131,'32.0572355','118.77807441','2015-09-18 21:57:24','南京市',35),(3131,'32.0572355','118.77807441','2015-09-18 21:58:37','南京市',36),(3131,'32.0572355','118.77807441','2015-09-18 21:59:23','南京市',37),(3131,'32.0572355','118.77807441','2015-09-18 22:01:14','南京市',38),(3131,'32.0572355','118.77807441','2015-09-18 22:03:51','南京市',39),(3131,'32.0572355','118.77807441','2015-09-18 22:17:08','南京市',40),(3131,'32.0572355','118.77807441','2015-09-19 14:01:12','南京市',41),(3131,'32.0572355','118.77807441','2015-09-19 14:05:58','南京市',42),(3131,'32.0572355','118.77807441','2015-09-19 14:08:01','南京市',43),(3131,'32.0572355','118.77807441','2015-09-19 14:26:29','南京市',44),(3131,'32.0572355','118.77807441','2015-09-19 14:28:10','南京市',45),(3131,'32.0572355','118.77807441','2015-09-19 14:28:40','南京市',46),(3131,'32.0572355','118.77807441','2015-09-19 14:29:13','南京市',47),(3131,'32.0572355','118.77807441','2015-09-19 14:30:50','南京市',48),(3131,'32.0572355','118.77807441','2015-09-19 14:38:25','南京市',49),(3131,'32.0572355','118.77807441','2015-09-19 14:40:25','南京市',50),(3131,'32.0572355','118.77807441','2015-09-19 14:42:37','南京市',51),(3131,'32.0572355','118.77807441','2015-09-19 14:44:16','南京市',52),(3131,'32.0572355','118.77807441','2015-09-19 14:47:16','南京市',53),(3131,'32.0572355','118.77807441','2015-09-19 14:48:58','南京市',54),(3131,'32.0572355','118.77807441','2015-09-19 14:53:52','南京市',55),(3131,'32.0572355','118.77807441','2015-09-19 14:58:07','南京市',56),(3131,'32.0572355','118.77807441','2015-09-19 15:00:50','南京市',57),(3131,'32.0572355','118.77807441','2015-09-19 15:02:54','南京市',58),(3131,'32.0572355','118.77807441','2015-09-19 15:05:21','南京市',59),(3131,'32.0572355','118.77807441','2015-09-19 15:10:35','南京市',60),(3131,'32.0572355','118.77807441','2015-09-19 15:13:59','南京市',61),(3131,'32.0572355','118.77807441','2015-09-19 15:14:43','南京市',62),(3131,'32.0572355','118.77807441','2015-09-19 15:16:22','南京市',63),(3131,'32.0572355','118.77807441','2015-09-19 15:19:57','南京市',64),(3131,'32.0572355','118.77807441','2015-09-19 15:21:43','南京市',65),(3131,'32.0572355','118.77807441','2015-09-19 15:22:27','南京市',66),(3131,'32.0572355','118.77807441','2015-09-19 15:27:43','南京市',67),(3131,'32.0572355','118.77807441','2015-09-19 15:28:48','南京市',68),(3131,'32.0572355','118.77807441','2015-09-19 15:35:14','南京市',69),(3131,'32.0572355','118.77807441','2015-09-19 15:37:28','南京市',70),(3131,'32.0572355','118.77807441','2015-09-19 17:34:07','南京市',71),(3131,'32.0572355','118.77807441','2015-09-19 17:35:59','南京市',72),(3117,'32.0572355','118.77807441','2015-09-19 17:38:32','南京市',73),(3117,'32.0572355','118.77807441','2015-09-19 17:40:39','南京市',74),(3117,'32.0572355','118.77807441','2015-09-19 20:53:45','南京市',75),(3117,'32.0572355','118.77807441','2015-09-19 20:59:07','南京市',76),(3117,'32.0572355','118.77807441','2015-09-19 21:41:18','南京市',77),(3117,'32.0572355','118.77807441','2015-09-19 21:42:34','南京市',78),(3117,'32.0572355','118.77807441','2015-09-19 21:45:12','南京市',79),(3117,'32.0572355','118.77807441','2015-09-19 21:45:58','南京市',80),(3117,'32.0572355','118.77807441','2015-09-19 21:48:38','南京市',81),(3117,'32.0572355','118.77807441','2015-09-19 21:56:10','南京市',82),(3117,'32.0572355','118.77807441','2015-09-19 21:58:05','南京市',83),(3117,'32.0572355','118.77807441','2015-09-19 22:06:21','南京市',84),(3117,'32.0572355','118.77807441','2015-09-19 22:17:55','南京市',85),(3117,'32.0572355','118.77807441','2015-09-19 22:19:09','南京市',86),(3117,'32.0572355','118.77807441','2015-09-19 22:20:18','南京市',87),(3117,'32.0572355','118.77807441','2015-09-19 22:31:18','南京市',88),(3117,'32.0572355','118.77807441','2015-09-19 22:32:22','南京市',89),(3117,'32.0572355','118.77807441','2015-09-19 22:39:53','南京市',90),(3117,'32.0572355','118.77807441','2015-09-19 22:40:29','南京市',91),(3117,'32.0572355','118.77807441','2015-09-19 22:52:21','南京市',92),(3117,'32.0572355','118.77807441','2015-09-21 20:02:57','南京市',93),(3117,'32.0572355','118.77807441','2015-09-21 21:11:44','南京市',94),(3117,'32.0572355','118.77807441','2015-09-21 21:19:28','南京市',95),(3117,'32.0572355','118.77807441','2015-09-21 21:31:29','南京市',96),(3117,'32.0572355','118.77807441','2015-09-21 21:38:04','南京市',97),(3117,'32.0572355','118.77807441','2015-09-21 21:40:49','南京市',98),(3117,'32.0572355','118.77807441','2015-09-21 21:52:11','南京市',99),(3117,'32.0572355','118.77807441','2015-09-21 21:54:03','南京市',100),(3117,'32.0572355','118.77807441','2015-09-21 21:56:43','南京市',101),(3117,'32.0572355','118.77807441','2015-09-21 21:57:35','南京市',102),(3117,'32.0572355','118.77807441','2015-09-21 21:59:20','南京市',103),(3117,'32.0572355','118.77807441','2015-09-21 22:03:05','南京市',104),(3117,'32.0572355','118.77807441','2015-09-21 22:05:17','南京市',105),(3117,'32.0572355','118.77807441','2015-09-21 22:16:35','南京市',106),(3117,'32.0572355','118.77807441','2015-09-21 22:16:58','南京市',107),(3117,'32.0572355','118.77807441','2015-09-21 22:17:44','南京市',108),(3117,'32.0572355','118.77807441','2015-09-21 22:18:07','南京市',109),(3117,'32.0572355','118.77807441','2015-09-21 22:19:02','南京市',110),(3117,'32.0572355','118.77807441','2015-09-21 22:38:59','南京市',111),(3117,'32.0572355','118.77807441','2015-09-21 22:43:16','南京市',112),(3117,'32.0572355','118.77807441','2015-09-21 22:51:54','南京市',113),(3117,'31.960736','118.82078','2015-09-21 23:10:01','南京市',114),(3117,'32.0572355','118.77807441','2015-09-21 23:23:29','南京市',115),(3117,'31.960738','118.820777','2015-09-21 23:28:08','南京市',116),(3117,'31.96074','118.820783','2015-09-21 23:28:29','南京市',117),(3117,'31.960741','118.820775','2015-09-21 23:29:59','南京市',118),(3117,'32.0572355','118.77807441','2015-09-22 00:01:20','åäº¬å¸',119),(3117,'31.96074','118.820781','2015-09-22 00:02:42','åäº¬å¸',120),(3117,'31.960739','118.820773','2015-09-22 00:03:03','åäº¬å¸',121),(3117,'31.960735','118.820776','2015-09-22 00:04:14','南京市',122),(3117,'32.0572355','118.77807441','2015-09-22 12:36:50','南京市',123),(3117,'32.0572355','118.77807441','2015-09-22 12:45:46','南京市',124),(3117,'32.0572355','118.77807441','2015-09-22 13:10:38','南京市',125);

/*Table structure for table `user_prod` */

DROP TABLE IF EXISTS `user_prod`;

CREATE TABLE `user_prod` (
  `user_prod_ID` bigint(20) NOT NULL,
  `USER_ID` bigint(20) NOT NULL,
  `PROD_ID` bigint(20) NOT NULL,
  `CREATE_DATE` datetime NOT NULL,
  `STATE` varchar(20) NOT NULL COMMENT '简历状态:newArrived新到,reserved预约,hired录用',
  `EFF_DATE` datetime DEFAULT NULL,
  `EXP_DATE` datetime DEFAULT NULL,
  PRIMARY KEY (`user_prod_ID`)
) ENGINE=InnoDB DEFAULT CHARSET=utf8 COMMENT='简历投递记录';

/*Data for the table `user_prod` */

insert  into `user_prod`(`user_prod_ID`,`USER_ID`,`PROD_ID`,`CREATE_DATE`,`STATE`,`EFF_DATE`,`EXP_DATE`) values (40,3117,34,'2015-09-18 21:15:48','checkOut',NULL,NULL),(41,3117,36,'2015-09-18 21:16:06','newArrived',NULL,NULL),(42,3117,37,'2015-09-18 21:16:19','checkIn',NULL,NULL),(43,3117,38,'2015-09-18 21:16:31','reserved',NULL,NULL);

/*Table structure for table `user_prod_char` */

DROP TABLE IF EXISTS `user_prod_char`;

CREATE TABLE `user_prod_char` (
  `USER_PROD_CHAR_ID` bigint(20) NOT NULL,
  `USER_PROD_ID` bigint(20) NOT NULL,
  `CHAR_ID` bigint(20) NOT NULL,
  `VALUE` text NOT NULL,
  `CREATE_DATE` datetime DEFAULT NULL,
  PRIMARY KEY (`USER_PROD_CHAR_ID`)
) ENGINE=InnoDB DEFAULT CHARSET=utf8;

/*Data for the table `user_prod_char` */

insert  into `user_prod_char`(`USER_PROD_CHAR_ID`,`USER_PROD_ID`,`CHAR_ID`,`VALUE`,`CREATE_DATE`) values (3,41,35,'39','2015-09-18 21:16:06'),(4,42,35,'40','2015-09-18 21:16:19'),(5,43,35,'40','2015-09-18 21:16:32'),(8,40,35,'40','2015-09-18 21:43:56'),(9,40,38,'2015-09-19','2015-09-18 21:43:56'),(14,40,39,'123','2015-09-18 21:43:56'),(15,40,40,'12312','2015-09-18 21:43:56'),(17,40,41,'2015-10-02','2015-09-18 22:04:25'),(18,40,42,'2015-10-03','2015-09-18 22:04:28'),(19,40,43,'南京市江宁区xx酒店3楼','2015-09-18 22:04:30'),(20,40,44,'南京市江宁区xx酒店3楼宴会厅','2015-09-18 22:04:30'),(21,40,35,'40','2015-09-18 22:17:41'),(22,40,38,'2015-10-01','2015-09-18 22:17:41'),(23,40,39,'南京市江宁区xx酒店','2015-09-18 22:17:41'),(24,40,40,'南京市江宁区xx酒店1楼大厅','2015-09-18 22:17:41'),(25,40,35,'40','2015-09-18 22:18:28'),(26,40,41,'2015-10-02','2015-09-18 22:18:28'),(27,40,42,'2015-10-03','2015-09-18 22:18:28'),(28,40,43,'南京市江宁区xx酒店3楼','2015-09-18 22:18:28'),(29,40,44,'南京市江宁区xx酒店3楼宴会厅','2015-09-18 22:18:28'),(30,40,48,'2015-9-19 21:52:14','2015-09-19 21:52:14'),(31,40,47,'2015-9-19 22:00:35','2015-09-19 22:00:35'),(32,40,49,'{\"latitude\":\"32.0572355\",\"cityName\":\"南京市\"}','2015-09-19 22:00:36'),(33,40,48,'2015-9-19 22:01:25','2015-09-19 22:01:25'),(34,40,50,'{\"latitude\":\"32.0572355\",\"cityName\":\"南京市\"}','2015-09-19 22:01:25'),(35,42,47,'2015-9-19 22:07:34','2015-09-19 22:07:34'),(36,42,49,'{\"latitude\":\"32.0572355\",\"longitue\":\"118.77807441\",\"cityName\":\"南京市\"}','2015-09-19 22:07:34');

/*Table structure for table `user_resume` */

DROP TABLE IF EXISTS `user_resume`;

CREATE TABLE `user_resume` (
  `RESUME_ID` bigint(20) NOT NULL,
  `USER_ID` bigint(20) NOT NULL,
  `RESUME_TYPE` varchar(20) NOT NULL,
  `CREATE_DATE` datetime DEFAULT NULL,
  `RESUME_NAME` varchar(256) NOT NULL,
  PRIMARY KEY (`RESUME_ID`)
) ENGINE=InnoDB DEFAULT CHARSET=utf8 COMMENT='用户简历';

/*Data for the table `user_resume` */

insert  into `user_resume`(`RESUME_ID`,`USER_ID`,`RESUME_TYPE`,`CREATE_DATE`,`RESUME_NAME`) values (36,3131,'partTime','2015-09-11 22:39:58','李菲 （女，24岁，） 销售助理3000-5000元'),(37,3131,'partTime','2015-09-11 22:41:03','历先生 （男，40岁，） 南京求职'),(39,3117,'partTime','2015-09-12 00:17:02','简历x'),(40,3117,'partTime','2015-09-12 00:20:48','软件工程师'),(41,3131,'partTime','2015-09-12 19:49:13','张先生求一总经理工作');

/*Table structure for table `user_resume_char` */

DROP TABLE IF EXISTS `user_resume_char`;

CREATE TABLE `user_resume_char` (
  `RESUME_CHAR_ID` bigint(20) NOT NULL,
  `RESUME_ID` bigint(20) DEFAULT NULL,
  `CHAR_ID` bigint(20) DEFAULT NULL,
  `VALUE` text,
  `CREATE_DATE` datetime DEFAULT NULL,
  PRIMARY KEY (`RESUME_CHAR_ID`)
) ENGINE=InnoDB DEFAULT CHARSET=utf8 COMMENT='简历内容';

/*Data for the table `user_resume_char` */

insert  into `user_resume_char`(`RESUME_CHAR_ID`,`RESUME_ID`,`CHAR_ID`,`VALUE`,`CREATE_DATE`) values (32,36,22,'李菲',NULL),(33,36,23,'njgulou',NULL),(34,36,24,'tempworker,waiter',NULL),(35,36,13,'njjiangning,njgulou',NULL),(36,36,14,'100',NULL),(37,36,15,'no',NULL),(38,36,16,'yes',NULL),(39,36,28,'财会毕业，做过酒店营销，公司行政。参加过礼仪、茶艺和保险业务的培训。',NULL),(40,37,22,'历先生',NULL),(41,37,23,'njgulou',NULL),(42,37,24,'tempworker,waiter',NULL),(43,37,13,'njjiangning,njgulou',NULL),(44,37,14,'100',NULL),(45,37,15,'no',NULL),(46,37,16,'yes',NULL),(47,37,28,'本人居住南京，男，1975年12月出生，未婚，身高176厘米，学历高中。 \n从业简历: \n一,大型集团公司：职务：员工，工作时间:10年；工作内容：货运。(目前协议离岗停薪留职状态，此单位系本人社保代缴单位) \n二,婚姻服务公司：职务：婚姻咨询老师；工作时间：2年；工作内容：婚姻咨询介绍及指导。 \n三,水产店面销售管理;工作时间:3年. \n四,投融资公司及投资担保公司：项目经理助理；业务经理；分公司业务部主管兼分公司总经理助理；\n工作时间：5年；工作内容：市场拓展，项目考察，客户接待及洽谈，跟单操作；主管业务部业务团队整体销售管理，前后台衔接协调及客户服务贷后档案管理，参与员工招聘及复审，各岗位人员调配，上下游合作平台资源整合及本公司经营项目调配。 \n五,股票期货配资公司:客服销售培训管理;工作时间:2个月. \n六，P2P小额贷款公司：业务部业务员工作，工作时间三个月。\n七，物业公司：步行街，街区管理员，工作时间三个月。\n八，食品企业：分公司（个人理财项），销售理财经理（工作时间1个月）\n九，目前失业无工作。\n注：不需要新聘用单位交纳社保等相关待遇手续及内容。\n\n擅长：客户洽谈及各类型企业产品销售及销售团队组建管理等。\n联系：历先生',NULL),(56,39,22,'曹家n',NULL),(57,39,34,'partTime',NULL),(58,39,23,'njgulou',NULL),(59,39,24,'tempworker,waiter',NULL),(60,39,13,'njjiangning,njgulou',NULL),(61,39,14,'100',NULL),(62,39,15,'yes',NULL),(63,39,16,'yes',NULL),(64,39,28,'p this h ',NULL),(65,40,22,'曹工程师',NULL),(66,40,34,'partTime',NULL),(67,40,23,'njgulou',NULL),(68,40,24,'tempworker,waiter',NULL),(69,40,13,'njjiangning,njgulou',NULL),(70,40,14,'290',NULL),(71,40,15,'yes',NULL),(72,40,16,'yes',NULL),(73,40,28,'1、富有竞争力的的薪酬体系；\n2、五险一金，餐补、交通补贴、通讯补贴；\n3、双休，享受国家法定假日；\n4、多彩的生日及企业文化活动；\n5、丰富的培训资源和培训的机会；\n6、广阔的职业发展空间及晋升通道；\n7、尽享便捷舒适的办公环境。',NULL),(74,41,22,'张三',NULL),(75,41,34,'partTime',NULL),(76,41,23,'??',NULL),(77,41,24,'tempworker,waiter',NULL),(78,41,13,'njjiangning,njgulou',NULL),(79,41,14,'240',NULL),(80,41,15,'yes',NULL),(81,41,16,'no',NULL),(82,41,28,'function modResume() {\n		changeSubPage(\'resume\',\'workdetailPage\',\'resumeId=\' resumeId);\n	}',NULL),(83,41,2,'male',NULL),(84,41,26,'daxue',NULL),(85,41,27,'20',NULL),(86,41,1,'13913913922',NULL),(87,41,3,'13913913922@139.com',NULL),(88,41,35,'41',NULL),(89,41,21,'30',NULL),(90,39,35,'39',NULL),(91,39,2,'male',NULL),(92,39,21,'33',NULL),(93,39,26,'daxue',NULL),(94,39,27,'12',NULL),(95,39,1,'13913912312',NULL),(96,39,3,'12358@139.com',NULL),(97,36,35,'36',NULL),(98,36,2,'female',NULL),(99,36,21,'24',NULL),(100,36,34,'partTime',NULL),(101,36,26,'daxue',NULL),(102,36,27,'1',NULL),(103,36,1,'12345678901',NULL),(104,36,3,'12345678901@qq.com',NULL),(105,37,35,'37',NULL),(106,37,2,'male',NULL),(107,37,21,'40',NULL),(108,37,34,'partTime',NULL),(109,37,26,'daxue',NULL),(110,37,27,'20',NULL),(111,37,1,'12345678901',NULL),(112,37,3,'12345678901@qq.com',NULL),(113,40,35,'40',NULL),(114,40,2,'male',NULL),(115,40,21,'23',NULL),(116,40,26,'daxue',NULL),(117,40,27,'2',NULL),(118,40,1,'13913913922',NULL),(119,40,3,'139@139.com',NULL),(120,36,46,'1-2\n2-3',NULL),(121,36,45,'1-2\n2-3',NULL);

/*Table structure for table `user_resume_lookhis` */

DROP TABLE IF EXISTS `user_resume_lookhis`;

CREATE TABLE `user_resume_lookhis` (
  `LOOKHIS_ID` bigint(20) NOT NULL,
  `USER_ID` bigint(20) DEFAULT NULL,
  `resume_ID` bigint(20) DEFAULT NULL,
  `CREATE_DATE` datetime DEFAULT NULL,
  PRIMARY KEY (`LOOKHIS_ID`)
) ENGINE=InnoDB DEFAULT CHARSET=utf8 COMMENT='简历浏览记录';

/*Data for the table `user_resume_lookhis` */

insert  into `user_resume_lookhis`(`LOOKHIS_ID`,`USER_ID`,`resume_ID`,`CREATE_DATE`) values (0,3117,41,'2015-09-15 22:07:51'),(2,3117,41,'2015-09-15 22:12:40'),(3,3117,41,'2015-09-15 22:15:37'),(4,3117,41,'2015-09-15 22:17:40'),(5,3117,41,'2015-09-15 22:19:11'),(6,3117,41,'2015-09-15 22:22:42'),(7,3117,41,'2015-09-15 22:24:19'),(8,3117,41,'2015-09-15 22:26:25'),(9,3117,41,'2015-09-15 22:30:59'),(10,3117,41,'2015-09-15 22:31:38'),(11,3117,41,'2015-09-15 22:34:08'),(12,3117,41,'2015-09-15 22:36:51'),(13,3117,41,'2015-09-19 20:33:15'),(14,3117,41,'2015-09-19 20:37:06'),(15,3117,41,'2015-09-19 20:37:48'),(16,3117,41,'2015-09-19 20:38:20'),(17,3117,41,'2015-09-18 20:40:27'),(18,3117,41,'2015-09-18 20:41:59'),(19,3117,41,'2015-09-18 20:44:57'),(20,3117,41,'2015-09-18 20:45:16'),(21,3117,41,'2015-09-18 20:48:42'),(22,3117,41,'2015-09-18 20:48:58'),(23,3117,41,'2015-09-18 20:50:18'),(24,3131,40,'2015-09-18 21:43:27'),(25,3131,40,'2015-09-18 22:05:11'),(26,3131,40,'2015-09-19 14:49:04'),(27,3131,40,'2015-09-19 14:53:55'),(28,3131,40,'2015-09-19 14:54:23'),(29,3131,40,'2015-09-19 14:54:26'),(30,3131,40,'2015-09-19 14:58:11'),(31,3131,40,'2015-09-19 15:00:52'),(32,3131,40,'2015-09-19 15:03:09'),(33,3131,40,'2015-09-19 15:05:26'),(34,3131,40,'2015-09-19 15:10:39'),(35,3131,40,'2015-09-19 15:14:09'),(36,3131,40,'2015-09-19 15:14:44'),(37,3131,40,'2015-09-19 15:16:24'),(38,3131,40,'2015-09-19 15:20:00'),(39,3131,40,'2015-09-19 15:21:45'),(40,3131,40,'2015-09-19 15:22:33'),(41,3117,41,'2015-09-22 13:11:45');

/* Function  structure for function  `seq_nextval` */

/*!50003 DROP FUNCTION IF EXISTS `seq_nextval` */;
DELIMITER $$

/*!50003 CREATE DEFINER=`root`@`%` FUNCTION `seq_nextval`(seq_name CHAR (30)) RETURNS int(11)
BEGIN
 UPDATE sys_seq SET LAST_NUMBER= CASE last_number WHEN 0 THEN LAST_INSERT_ID(START_BY) ELSE LAST_INSERT_ID(LAST_NUMBER+INCREMENT_BY) END WHERE seq_name=seq_name;
 RETURN LAST_INSERT_ID();
END */$$
DELIMITER ;

/*Table structure for table `v_user_headpic` */

DROP TABLE IF EXISTS `v_user_headpic`;

/*!50001 DROP VIEW IF EXISTS `v_user_headpic` */;
/*!50001 DROP TABLE IF EXISTS `v_user_headpic` */;

/*!50001 CREATE TABLE  `v_user_headpic`(
 `USER_ID` bigint(20) ,
 `PHOTO_ID` bigint(20) 
)*/;

/*View structure for view v_user_headpic */

/*!50001 DROP TABLE IF EXISTS `v_user_headpic` */;
/*!50001 DROP VIEW IF EXISTS `v_user_headpic` */;

/*!50001 CREATE ALGORITHM=UNDEFINED DEFINER=`root`@`localhost` SQL SECURITY DEFINER VIEW `v_user_headpic` AS (select `b`.`USER_ID` AS `USER_ID`,`a`.`PHOTO_ID` AS `PHOTO_ID` from (`user_album_photo` `a` join `user_album` `b`) where ((`a`.`ALBUM_ID` = `b`.`ALBUM_ID`) and (`b`.`ALBUM_TYPE` = 'default'))) */;

/*!40101 SET SQL_MODE=@OLD_SQL_MODE */;
/*!40014 SET FOREIGN_KEY_CHECKS=@OLD_FOREIGN_KEY_CHECKS */;
/*!40014 SET UNIQUE_CHECKS=@OLD_UNIQUE_CHECKS */;
/*!40111 SET SQL_NOTES=@OLD_SQL_NOTES */;
